record_id,well_id,time_days,observed_concentration_mg_L,clean_concentration_mg_L
EV00000,W001,540.0,4.726625092511086,4.724039844620946
EV00001,W001,720.0,1.6540776276605662,1.4341242472538087
EV00002,W001,900.0,0.338764575828949,0.33910861905758044
EV00003,W001,1080.0,0.07781981793414405,0.07595071867044942
EV00004,W001,1260.0,0.019018855025663847,0.016588583539655644
EV00005,W001,1440.0,0.00392707227592488,0.0035738808043399325
EV00006,W001,1620.0,0.0,0.0007636150879418212
EV00007,W001,1800.0,0.0029981468932489663,0.0001578612075054192
EV00008,W001,1980.0,0.00011617695437214905,2.9774772631990704e-05
EV00009,W001,2160.0,0.000778989428027819,5.6686193944833255e-06
EV00010,W001,2340.0,0.0,1.0876285239610307e-06
EV00011,W001,2520.0,2.07531462060735e-05,2.1005595216125977e-07
EV00012,W001,2700.0,0.0,4.0797160909423e-08
EV00013,W001,2880.0,0.0,7.962280301473487e-09
EV00014,W001,3060.0,0.0,1.5605994315643327e-09
EV00015,W001,3240.0,0.0,3.0702449236713116e-10
EV00016,W001,3420.0,0.0,6.06038238534369e-11
EV00017,W001,3600.0,0.0,1.1998286502458987e-11
EV00018,W001,3780.0,0.0,2.3817737977438144e-12
EV00019,W001,3960.0,0.0,4.739499337572372e-13
EV00020,W001,4140.0,0.00011450341860819109,9.451896411603453e-14
EV00021,W001,4320.0,0.0,1.8887585632084855e-14
EV00022,W001,4500.0,0.0035020144165551236,3.7812197524360005e-15
EV00023,W001,4680.0,0.0,7.582652445373988e-16
EV00024,W001,4860.0,0.0,1.522956064433551e-16
EV00025,W001,5040.0,0.003830154322243748,3.063233915058413e-17
EV00026,W002,540.0,5.897736327102211,5.159779889051318
EV00027,W002,720.0,1.5031030148953333,1.5140649821654204
EV00028,W002,900.0,0.31255691189671325,0.35265138036511445
EV00029,W002,1080.0,0.07517181968950207,0.0783138112951169
EV00030,W002,1260.0,0.018721481615472133,0.01701131748984267
EV00031,W002,1440.0,0.0030694060594966483,0.0036510002814504464
EV00032,W002,1620.0,0.0003842959484292016,0.0007779034496018396
EV00033,W002,1800.0,0.0007846608513496623,0.00016046857750608878
EV00034,W002,1980.0,0.000845108298616834,3.0214932602522384e-05
EV00035,W002,2160.0,0.0009851228469723785,5.7444573333277195e-06
EV00036,W002,2340.0,0.0,1.100916975932461e-06
EV00037,W002,2520.0,0.0,2.1241748932642724e-07
EV00038,W002,2700.0,0.0009243295509627068,4.12219100602779e-08
EV00039,W002,2880.0,0.0010447097024975263,8.039470674183691e-09
EV00040,W002,3060.0,0.0,1.574754218424883e-09
EV00041,W002,3240.0,0.002500026230968196,3.0964072590099154e-10
EV00042,W002,3420.0,0.0007751244400295051,6.109077817692964e-11
EV00043,W002,3600.0,7.448903012307158e-05,1.2089489341326877e-11
EV00044,W002,3780.0,0.0,2.398951212805209e-12
EV00045,W002,3960.0,0.0,4.772015443352625e-13
EV00046,W002,4140.0,0.0,9.513730194562059e-14
EV00047,W002,4320.0,0.0,1.9005661838345668e-14
EV00048,W002,4500.0,0.0007540347408624411,3.803853354909512e-15
EV00049,W002,4680.0,0.0013445202146327743,7.626190009618756e-16
EV00050,W002,4860.0,0.21975470960757934,1.5313578997239253e-16
EV00051,W002,5040.0,0.0,3.0794960593360377e-17
EV00052,W003,540.0,4.606798897665235,4.450214562848159
EV00053,W003,720.0,1.3246897495039627,1.3830337937823938
EV00054,W003,900.0,0.3161677155245592,0.3303902883019935
EV00055,W003,1080.0,0.06067187250522862,0.07442328727134956
EV00056,W003,1260.0,0.017679270574297964,0.016314637275415995
EV00057,W003,1440.0,0.0031779188238787778,0.003523815599242813
EV00058,W003,1620.0,0.0,0.000754327097358634
EV00059,W003,1800.0,0.0007114326488913483,0.0001561646213740672
EV00060,W003,1980.0,0.0,2.9488139519165274e-05
EV00061,W003,2160.0,0.0,5.619202021755052e-06
EV00062,W003,2340.0,0.0,1.078964959603677e-06
EV00063,W003,2520.0,0.00010979234425784109,2.0851563758067194e-07
EV00064,W003,2700.0,0.00014812690873203783,4.052001333808497e-08
EV00065,W003,2880.0,0.0011027961599263513,7.911897420188668e-09
EV00066,W003,3060.0,0.0,1.5513578507444884e-09
EV00067,W003,3240.0,0.0,3.0531594277332747e-10
EV00068,W003,3420.0,0.00010615953788953551,6.028574478121762e-11
EV00069,W003,3600.0,0.0,1.1938700992846923e-11
EV00070,W003,3780.0,0.0,2.3705493035659084e-12
EV00071,W003,3960.0,0.0,4.718248469055677e-13
EV00072,W003,4140.0,0.0,9.411479165007536e-14
EV00073,W003,4320.0,0.0,1.881039573361452e-14
EV00074,W003,4500.0,0.0,3.7664217168269244e-15
EV00075,W003,4680.0,0.0005270330730372363,7.554184078917471e-16
EV00076,W003,4860.0,0.0006535483918047257,1.5174617077470578e-16
EV00077,W003,5040.0,9.507516068236375e-06,3.052598329097073e-17
EV00078,W004,540.0,12.367642128222979,13.028258489280086
EV00079,W004,720.0,6.534516105246389,6.471164551883643
EV00080,W004,900.0,1.7398926756645317,1.8979912145096198
EV00081,W004,1080.0,0.5096149107805078,0.47970242170248906
EV00082,W004,1260.0,0.11679799411877735,0.11319802095476206
EV00083,W004,1440.0,0.026812935567061876,0.02573421705866373
EV00084,W004,1620.0,0.0067203313567374265,0.005720155570048125
EV00085,W004,1800.0,0.000678371454451977,0.0012188744943313569
EV00086,W004,1980.0,2.028245412266202e-05,0.0002354668279704973
EV00087,W004,2160.0,0.0,4.570735555805058e-05
EV00088,W004,2340.0,0.0,8.911652083172308e-06
EV00089,W004,2520.0,0.0015936637291618682,1.744501434520338e-06
EV00090,W004,2700.0,0.0,3.427366491597989e-07
EV00091,W004,2880.0,0.0,6.755788873622158e-08
EV00092,W004,3060.0,0.0007737149079022069,1.3356237828288997e-08
EV00093,W004,3240.0,0.0008071846592198669,2.6476847954051875e-09
EV00094,W004,3420.0,0.0,5.261599884897504e-10
EV00095,W004,3600.0,6.0112746998768577e-05,1.047963899415354e-10
EV00096,W004,3780.0,0.0006100383684855216,2.0915586126471643e-11
EV00097,W004,3960.0,0.0,4.182312744686263e-12
EV00098,W004,4140.0,0.0,8.37763250594418e-13
EV00099,W004,4320.0,0.00015823793720012158,1.6808424603101241e-13
EV00100,W004,4500.0,0.0,3.377398110637366e-14
EV00101,W004,4680.0,0.00038129191612908814,6.795805811121853e-15
EV00102,W004,4860.0,0.0,1.3691834825782428e-15
EV00103,W004,5040.0,0.0005960143882086786,2.761893272029658e-16
EV00104,W005,540.0,10.011888147039164,11.845683389794376
EV00105,W005,720.0,5.168023475317525,6.09878774488958
EV00106,W005,900.0,1.7963044344026542,1.8180470243272866
EV00107,W005,1080.0,0.41134603496248845,0.4637684904042199
EV00108,W005,1260.0,0.11536872630293606,0.11009418484695416
EV00109,W005,1440.0,0.02480943132924858,0.025133444561412383
EV00110,W005,1620.0,0.007245251690006527,0.0056038926924876714
EV00111,W005,1800.0,0.0013171596664415548,0.00119693858086952
EV00112,W005,1980.0,0.0027725085125419498,0.0002316647056060382
EV00113,W005,2160.0,0.0009584708212619865,4.503809711043623e-05
EV00114,W005,2340.0,0.0,8.792290077901972e-06
EV00115,W005,2520.0,0.0014430952715461841,1.7229712695892666e-06
EV00116,W005,2700.0,0.0,3.388147800333373e-07
EV00117,W005,2880.0,0.0003672991274845984,6.683732038293681e-08
EV00118,W005,3060.0,0.0,1.3222837725664354e-08
EV00119,W005,3240.0,0.0,2.622820849134908e-09
EV00120,W005,3420.0,0.0,5.214976063888466e-10
EV00121,W005,3600.0,0.0,1.0391735434714622e-10
EV00122,W005,3780.0,0.001156246472522345,2.0749037875609607e-11
EV00123,W005,3960.0,0.0,4.150616078117282e-12
EV00124,W005,4140.0,0.0008296872249432885,8.317062545724082e-13
EV00125,W005,4320.0,0.0,1.6692246935341677e-13
EV00126,W005,4500.0,0.002388358609941847,3.355037739313849e-14
EV00127,W005,4680.0,0.0,6.752632953900264e-15
EV00128,W005,4860.0,0.26255387815741976,1.3608233088433535e-15
EV00129,W005,5040.0,0.00027209505328565554,2.7456601933439345e-16
EV00130,W006,540.0,10.136267622152978,9.24195622142154
EV00131,W006,720.0,5.2077880797553515,5.235645505758597
EV00132,W006,900.0,1.6539991411274573,1.6284004666654075
EV00133,W006,1080.0,0.4747156136254107,0.4254681902901531
EV00134,W006,1260.0,0.12464339958417381,0.1025698232107247
EV00135,W006,1440.0,0.027397739118901043,0.023668368262620747
EV00136,W006,1620.0,0.008578372011392884,0.005319122086086328
EV00137,W006,1800.0,0.000990292779254492,0.001143028142244805
EV00138,W006,1980.0,0.0003395169779284688,0.00022229550233042553
EV00139,W006,2160.0,0.0005763925716873379,4.338532920006282e-05
EV00140,W006,2340.0,0.0,8.496989865824668e-06
EV00141,W006,2520.0,0.0,1.669625342895569e-06
EV00142,W006,2700.0,0.0,3.2908491055782424e-07
EV00143,W006,2880.0,0.0010188877660503512,6.50476518870204e-08
EV00144,W006,3060.0,0.17314049595373893,1.289119137306992e-08
EV00145,W006,3240.0,0.0,2.5609537026821524e-09
EV00146,W006,3420.0,0.0026489628234853463,5.098877515955602e-10
EV00147,W006,3600.0,0.06833262223206255,1.0172697674487687e-10
EV00148,W006,3780.0,0.0,2.0333781503394773e-11
EV00149,W006,3960.0,0.0010490949835766173,4.071543123703325e-12
EV00150,W006,4140.0,0.0,8.165884824411196e-13
EV00151,W006,4320.0,0.0012818695115537511,1.6402145286507578e-13
EV00152,W006,4500.0,0.0006345605740970253,3.2991795415143086e-14
EV00153,W006,4680.0,0.000987869736432588,6.644742151477273e-15
EV00154,W006,4860.0,0.0,1.3399235281488531e-15
EV00155,W006,5040.0,0.00012594028440314858,2.7050655581888077e-16
EV00156,W007,540.0,8.460641596995696,7.978294154796609
EV00157,W007,720.0,12.392132234358073,13.877457733157764
EV00158,W007,900.0,7.018710203548578,7.059378127966872
EV00159,W007,1080.0,2.31329446859222,2.4314736106010097
EV00160,W007,1260.0,0.7658888754626185,0.6996345085217535
EV00161,W007,1440.0,0.18569097031070225,0.18257733664497255
EV00162,W007,1620.0,0.04334624616826967,0.04491745677462287
EV00163,W007,1800.0,0.010364889103924274,0.010345452423380374
EV00164,W007,1980.0,0.0003855124541525573,0.00212540269825388
EV00165,W007,2160.0,0.0,0.00043367192583936205
EV00166,W007,2340.0,0.0,8.811533299688268e-05
EV00167,W007,2520.0,0.0028604989618041957,1.7857930164444446e-05
EV00168,W007,2700.0,0.0004163322813755918,3.6138145580045605e-06
EV00169,W007,2880.0,0.0017850625661224458,7.307407171106276e-07
EV00170,W007,3060.0,0.0,1.477166888024204e-07
EV00171,W007,3240.0,0.002737404823846578,2.986097293713562e-08
EV00172,W007,3420.0,0.0,6.037830563739577e-09
EV00173,W007,3600.0,0.0,1.2213053088750265e-09
EV00174,W007,3780.0,0.0,2.47159013776479e-10
EV00175,W007,3960.0,0.0019458961704708888,5.004551826614175e-11
EV00176,W007,4140.0,0.0,1.0139290965124381e-11
EV00177,W007,4320.0,0.0,2.0554802014274675e-12
EV00178,W007,4500.0,0.0,4.1695258036211666e-13
EV00179,W007,4680.0,0.0006194991792305512,8.463075996375237e-14
EV00180,W007,4860.0,0.0,1.718841725654084e-14
EV00181,W007,5040.0,0.0,3.493056299878821e-15
EV00182,W008,540.0,8.170372474463303,8.32296759284727
EV00183,W008,720.0,15.608497009478237,14.243039772254821
EV00184,W008,900.0,7.004134353358254,7.193146483240403
EV00185,W008,1080.0,2.4561298288587636,2.467449248255838
EV00186,W008,1260.0,0.6599314712964949,0.7081251866193031
EV00187,W008,1440.0,0.5374990956197759,0.18445543350997817
EV00188,W008,1620.0,0.044425641429174816,0.045318406118326146
EV00189,W008,1800.0,0.017392880917059043,0.010427014450856387
EV00190,W008,1980.0,0.00917486013976696,0.0021404067425848
EV00191,W008,2160.0,0.01076136472393704,0.00043644353931309967
EV00192,W008,2340.0,0.00737313056571394,8.862977615489275e-05
EV00193,W008,2520.0,0.008609597904492533,1.795389062586674e-05
EV00194,W008,2700.0,0.006656668507539966,3.631801737321209e-06
EV00195,W008,2880.0,0.009514167990126176,7.341280979567035e-07
EV00196,W008,3060.0,0.00738038465683142,1.483574358234226e-07
EV00197,W008,3240.0,0.007567684819311744,2.9982679563041585e-08
EV00198,W008,3420.0,0.01091344622591987,6.061038179786169e-09
EV00199,W008,3600.0,0.006656668507539966,1.2257467461295154e-09
EV00200,W008,3780.0,0.006656668507539966,2.480118932750198e-10
EV00201,W008,3960.0,0.006656668507539966,5.020981339623155e-11
EV00202,W008,4140.0,0.006844117173442144,1.0171033656029495e-11
EV00203,W008,4320.0,0.006656668507539966,2.061630004493114e-12
EV00204,W008,4500.0,0.0070273667303306225,4.181471192757841e-13
EV00205,W008,4680.0,0.0067126025707092505,8.48633497072734e-14
EV00206,W008,4860.0,0.006656668507539966,1.7233808004642035e-14
EV00207,W008,5040.0,0.006986859040417,3.5019334040230927e-15
EV00208,W009,540.0,5.015617397033569,5.6581555941609345
EV00209,W009,720.0,14.503200000639541,11.226087326388882
EV00210,W009,900.0,4.660558309057994,6.0559662416284805
EV00211,W009,1080.0,2.2297275766543105,2.15638155763394
EV00212,W009,1260.0,0.5895258257813109,0.6338986868653554
EV00213,W009,1440.0,0.16424236917978388,0.16791015237456222
EV00214,W009,1620.0,0.041940805326496335,0.041766068525697767
EV00215,W009,1800.0,0.009655693916587504,0.009701223196341516
EV00216,W009,1980.0,0.00837361343074886,0.0020064272865027983
EV00217,W009,2160.0,0.010424368927105706,0.00041162442272241255
EV00218,W009,2340.0,0.0064099608087232526,8.401229571707924e-05
EV00219,W009,2520.0,0.0076892810752598635,1.709088442496315e-05
EV00220,W009,2700.0,0.006423177557192495,3.4697649519925683e-06
EV00221,W009,2880.0,0.0064099608087232526,7.035687453278832e-07
EV00222,W009,3060.0,0.0064099608087232526,1.4256960376945688e-07
EV00223,W009,3240.0,0.008140646281432557,2.8882086301728023e-08
EV00224,W009,3420.0,0.008365016223038372,5.8509644487822164e-09
EV00225,W009,3600.0,0.006959545438102797,1.1855077236535132e-09
EV00226,W009,3780.0,0.007259902061008822,2.402787630384829e-10
EV00227,W009,3960.0,0.008944608143189875,4.871907021045975e-11
EV00228,W009,4140.0,0.0069566333966636,9.882827193116328e-12
EV00229,W009,4320.0,0.007824986629631287,2.0057600715406145e-12
EV00230,W009,4500.0,0.007288907651603347,4.072890528286656e-13
EV00231,W009,4680.0,0.0064099608087232526,8.274811321484003e-14
EV00232,W009,4860.0,0.009789930305569428,1.6820822275977142e-14
EV00233,W009,5040.0,0.0064099608087232526,3.421131163719703e-15
EV00234,W010,540.0,5.2344610396356765,0.5598294567122157
EV00235,W010,720.0,1.5213713722981927,9.452700427196376
EV00236,W010,900.0,0.3639138933979689,13.059632009923808
EV00237,W010,1080.0,0.07649081297117129,7.888712157804011
EV00238,W010,1260.0,0.0166041837911155,3.2535681388998445
EV00239,W010,1440.0,0.003990590853229099,1.0906460431028735
EV00240,W010,1620.0,0.0007904168140039606,0.32260033645138203
EV00241,W010,1800.0,0.00015054310964773303,0.08557298956116494
EV00242,W010,1980.0,3.142341651757486e-05,0.019658293772259448
EV00243,W010,2160.0,5.291124287453562e-06,0.004391391199869624
EV00244,W010,2340.0,1.1315840281987205e-06,0.0009616747172071395
EV00245,W010,2520.0,2.2572457474095245e-07,0.00020757092706827238
EV00246,W010,2700.0,3.948452866663797e-08,4.432282236297825e-05
EV00247,W010,2880.0,7.461938781642159e-09,9.387475410364354e-06
EV00248,W010,3060.0,1.6447873216123203e-09,1.975849608264144e-06
EV00249,W010,3240.0,2.7423186351066273e-10,4.138567253873151e-07
EV00250,W010,3420.0,5.906986043446628e-11,8.635612696760339e-08
EV00251,W010,3600.0,1.0833077060632157e-11,1.7965144350379148e-08
EV00252,W010,3780.0,2.571038054236619e-12,3.7284718289445115e-09
EV00253,W010,3960.0,4.505921922730089e-13,7.723302347568067e-10
EV00254,W010,4140.0,9.625246355746645e-14,1.5973953421227604e-10
EV00255,W010,4320.0,1.988865802508118e-14,3.29982172087169e-11
EV00256,W010,4500.0,3.907322518380053e-15,6.809930990813283e-12
EV00257,W010,4680.0,7.066250293058184e-16,1.4042820518215185e-12
EV00258,W010,4860.0,1.6436413819245006e-16,2.893974339364459e-13
EV00259,W010,5040.0,3.0918060300360105e-17,5.961016979690472e-14
EV00260,W011,540.0,6.107368983264528,0.6696988858191225
EV00261,W011,720.0,10.679528098307992,10.56169428530472
EV00262,W011,900.0,5.388415774901495,14.152037977033125
EV00263,W011,1080.0,2.2744817857185473,8.401391332194063
EV00264,W011,1260.0,0.645964996894192,3.426446137679823
EV00265,W011,1440.0,0.17375484401908553,1.139657041611133
EV00266,W011,1620.0,0.03926347069192754,0.3351595669688456
EV00267,W011,1800.0,0.009179775308049467,0.08851165813630343
EV00268,W011,1980.0,0.0020873781225443943,0.020262178587384393
EV00269,W011,2160.0,0.00047445486001085883,0.004513420015230449
EV00270,W011,2340.0,7.692083829454348e-05,0.0009860703169181939
EV00271,W011,2520.0,1.773084392731484e-05,0.00021241465656849818
EV00272,W011,2700.0,3.375161712635096e-06,4.528038586688603e-05
EV00273,W011,2880.0,7.553948897959133e-07,9.576279759379578e-06
EV00274,W011,3060.0,1.5651635064914556e-07,2.0130216150373145e-06
EV00275,W011,3240.0,2.6809619573529024e-08,4.2117025405933754e-07
EV00276,W011,3420.0,5.730841836771365e-09,8.779488171472839e-08
EV00277,W011,3600.0,1.1942156535264113e-09,1.8248260416611824e-08
EV00278,W011,3780.0,2.52876693409415e-10,3.784213282881122e-09
EV00279,W011,3960.0,4.7654776611286966e-11,7.833129563326568e-10
EV00280,W011,4140.0,1.0817671011898057e-11,1.6190531979348206e-10
EV00281,W011,4320.0,2.1395461264722643e-12,3.342571301530524e-11
EV00282,W011,4500.0,3.723958149940148e-13,6.894397125782607e-12
EV00283,W011,4680.0,8.673497816777471e-14,1.420988387605629e-12
EV00284,W011,4860.0,1.660494601222296e-14,2.92705192183111e-13
EV00285,W011,5040.0,3.608508177473766e-15,6.026577303507951e-14
EV00286,W012,540.0,0.41870130188032234,0.4239143025395015
EV00287,W012,720.0,7.299261268194,7.963650039298253
EV00288,W012,900.0,10.64526830827502,11.537909258313775
EV00289,W012,1080.0,6.594000622485466,7.159478829561385
EV00290,W012,1260.0,3.1350974082047833,3.0043343064317383
EV00291,W012,1440.0,0.9666473841242222,1.0193208279770833
EV00292,W012,1620.0,-0.03533057720527525,0.304195816325205
EV00293,W012,1800.0,0.07175722117875034,0.08124360840465727
EV00294,W012,1980.0,0.01882461093458499,0.018764859850429
EV00295,W012,2160.0,0.004072699135990708,0.004210232633103755
EV00296,W012,2340.0,0.0,0.0009253551913889713
EV00297,W012,2520.0,0.0,0.00020034247027565956
EV00298,W012,2700.0,0.0007160599203512543,4.289090440373164e-05
EV00299,W012,2880.0,0.0025745632994371172,9.104644802059826e-06
EV00300,W012,3060.0,0.0008794012382524655,1.9200801369021545e-06
EV00301,W012,3240.0,0.0005490832531295318,4.0286936231561794e-07
EV00302,W012,3420.0,0.00253354122343624,8.419204961514707e-08
EV00303,W012,3600.0,0.0,1.7538845411223795e-08
EV00304,W012,3780.0,0.0,3.6444592138659817e-09
EV00305,W012,3960.0,0.0,7.55762914054569e-10
EV00306,W012,4140.0,0.0,1.5646990067684071e-10
EV00307,W012,4320.0,0.0,3.2352374697590275e-11
EV00308,W012,4500.0,0.0005807753613895145,6.682239428161867e-12
EV00309,W012,4680.0,0.0005628543640230551,1.3790110495175134e-12
EV00310,W012,4860.0,0.0,2.8439114072630086e-13
EV00311,W012,5040.0,0.0,5.861740412866809e-14
EV00312,W013,540.0,0.000326417273451268,0.0027299355812446173
EV00313,W013,720.0,1.596668267396125,1.5131656790503045
EV00314,W013,900.0,10.731179234625134,9.687127220286387
EV00315,W013,1080.0,13.917400883699745,13.852617658849155
EV00316,W013,1260.0,11.707376111469742,9.923693351597118
EV00317,W013,1440.0,5.101990814480816,4.88370086119064
EV00318,W013,1620.0,1.6814637253686138,1.916038741283334
EV00319,W013,1800.0,0.6602672097839971,0.6311160806326495
EV00320,W013,1980.0,0.1465363077659885,0.17206485122469992
EV00321,W013,2160.0,0.051057994958091955,0.04416158945067982
EV00322,W013,2340.0,0.013870747754316902,0.01084777785170884
EV00323,W013,2520.0,0.0,0.0025787664181872597
EV00324,W013,2700.0,0.0004162034227809451,0.0005978935283473181
EV00325,W013,2880.0,7.909833564961026e-05,0.00013595259143601263
EV00326,W013,3060.0,0.0,3.0441923884444645e-05
EV00327,W013,3240.0,0.0,6.732907825238155e-06
EV00328,W013,3420.0,0.0,1.4743118641275757e-06
EV00329,W013,3600.0,0.0,3.201948788234388e-07
EV00330,W013,3780.0,0.0,6.907037773020459e-08
EV00331,W013,3960.0,0.0007616454246801512,1.4815276498842603e-08
EV00332,W013,4140.0,0.00015682011921162156,3.162716898636708e-09
EV00333,W013,4320.0,0.0006882093011486533,6.724526534863806e-10
EV00334,W013,4500.0,0.0021153195076417672,1.4248674216429879e-10
EV00335,W013,4680.0,0.0002106296908511125,3.010326306620424e-11
EV00336,W013,4860.0,0.00019305595536663666,6.3439221177127956e-12
EV00337,W013,5040.0,0.0,1.334003342473836e-12
EV00338,W014,540.0,0.0038005914657051965,0.0023121854617298514
EV00339,W014,720.0,1.210028467778961,1.3646463132900652
EV00340,W014,900.0,10.097147760293193,8.987438391388226
EV00341,W014,1080.0,14.421385764324842,13.06115559968984
EV00342,W014,1260.0,9.027766322551575,9.454726070118904
EV00343,W014,1440.0,5.223003796759492,4.686929678648862
EV00344,W014,1620.0,1.9296065872210402,1.8487569215428974
EV00345,W014,1800.0,0.5501364745664445,0.6114774982303732
EV00346,W014,1980.0,0.1700284706035839,0.16725794580037145
EV00347,W014,2160.0,0.043959346004459894,0.0430422770001006
EV00348,W014,2340.0,0.010069021477741339,0.010596165832848616
EV00349,W014,2520.0,0.19989651296976985,0.0025236316437328987
EV00350,W014,2700.0,0.0,0.0005860378558458152
EV00351,W014,2880.0,0.0,0.00013343913937093865
EV00352,W014,3060.0,0.0008650876972109153,2.9914781710784775e-05
EV00353,W014,3240.0,0.001815921763251136,6.623265611941932e-06
EV00354,W014,3420.0,0.0016516483913400295,1.451653500980846e-06
EV00355,W014,3600.0,0.0,3.1553587459522445e-07
EV00356,W014,3780.0,0.0,6.811617017837304e-08
EV00357,W014,3960.0,0.0007019471046730595,1.4620451719493758e-08
EV00358,W014,4140.0,0.0,3.1230356972009865e-09
EV00359,W014,4320.0,0.0,6.643860163751135e-10
EV00360,W014,4500.0,0.0015745834151438178,1.4084936363592238e-10
EV00361,W014,4680.0,0.0,2.9771291767849164e-11
EV00362,W014,4860.0,0.0,6.276676370695071e-12
EV00363,W014,5040.0,0.0,1.3203908475418897e-12
EV00364,W015,540.0,1.9457740335395412e-100,0.0022170119056686356
EV00365,W015,720.0,2.0588381681220582e-53,1.331429037123584
EV00366,W015,900.0,4.21266908870428e-33,8.832407938477893
EV00367,W015,1080.0,4.973134201751307e-22,12.886775858670967
EV00368,W015,1260.0,3.662380680751787e-15,9.351787465393734
EV00369,W015,1440.0,1.4440325763786017e-10,4.643853834756159
EV00370,W015,1620.0,2.1704452110837364e-07,1.8340575677499666
EV00371,W015,1800.0,3.4684402588617305e-05,0.6071936589840726
EV00372,W015,1980.0,0.0014415667663968152,0.1662107038572715
EV00373,W015,2160.0,0.023718442751462537,0.04279866988549101
EV00374,W015,2340.0,0.1644164843459442,0.01054145148637954
EV00375,W015,2520.0,0.6403178293787871,0.0025116509067194437
EV00376,W015,2700.0,1.6723720260498938,0.0005834632135201399
EV00377,W015,2880.0,2.6350368363648657,0.00013289359532721873
EV00378,W015,3060.0,3.938095735727261,2.980041898822841e-05
EV00379,W015,3240.0,4.732653482268743,6.59948867489414e-06
EV00380,W015,3420.0,4.462127398903545,1.4467416189221803e-06
EV00381,W015,3600.0,3.0875881646121903,3.1452622533908017e-07
EV00382,W015,3780.0,2.021526129966798,6.790944540226614e-08
EV00383,W015,3960.0,1.177897641931957,1.4578255035708727e-08
EV00384,W015,4140.0,0.724081601240191,3.1144433085150932e-09
EV00385,W015,4320.0,0.2981273777482015,6.626396886634507e-10
EV00386,W015,4500.0,0.13891373561091525,1.404949630384891e-10
EV00387,W015,4680.0,0.06457791223569799,2.969945197645695e-11
EV00388,W015,4860.0,0.024840670672424996,6.262126646938598e-12
EV00389,W015,5040.0,0.009185142601622131,1.3174460286424092e-12
EV00390,W016,540.0,0.0004874815341807778,2.1128069924078112e-07
EV00391,W016,720.0,0.02712164582523779,0.023011253959815396
EV00392,W016,900.0,1.4656223664752257,1.4992462708151333
EV00393,W016,1080.0,8.872125766187136,7.899693053741804
EV00394,W016,1260.0,15.72980801050391,13.052148588216323
EV00395,W016,1440.0,11.813850042498185,11.485855457455182
EV00396,W016,1620.0,8.736614170370334,6.9105972830294995
EV00397,W016,1800.0,2.647059359848812,3.1591330248092584
EV00398,W016,1980.0,0.9891381668790693,1.1161985964110408
EV00399,W016,2160.0,0.29365703186362263,0.35348875978130073
EV00400,W016,2340.0,0.09703872955702031,0.10331675275914914
EV00401,W016,2520.0,0.028093447727777558,0.028426668671624477
EV00402,W016,2700.0,0.00788795003348008,0.007465579108879894
EV00403,W016,2880.0,0.0008654804272695524,0.001890260941607326
EV00404,W016,3060.0,0.0006252486771231473,0.00046483836396317977
EV00405,W016,3240.0,0.0007810830843340237,0.0001116388631754235
EV00406,W016,3420.0,0.0,2.6297301531715435e-05
EV00407,W016,3600.0,0.0,6.095786279381353e-06
EV00408,W016,3780.0,0.0017089624352147669,1.394147753173885e-06
EV00409,W016,3960.0,0.0,3.152523045150306e-07
EV00410,W016,4140.0,0.0,7.060148980860053e-08
EV00411,W016,4320.0,0.0,1.5681098503075414e-08
EV00412,W016,4500.0,0.0,3.4581302529080895e-09
EV00413,W016,4680.0,0.0,7.57914071860004e-10
EV00414,W016,4860.0,0.0,1.652178187586818e-10
EV00415,W016,5040.0,0.0020652815191012537,3.584615173837988e-11
EV00416,W017,540.0,0.0,1.9831956174293076e-07
EV00417,W017,720.0,0.022520169782779976,0.022115933791553112
EV00418,W017,900.0,1.4859864258514235,1.45654204879391
EV00419,W017,1080.0,7.98203905403182,7.72223372491463
EV00420,W017,1260.0,12.496550681656803,12.810102370971483
EV00421,W017,1440.0,11.773190234572949,11.304499900658767
EV00422,W017,1620.0,6.650097511551251,6.815596836509487
EV00423,W017,1800.0,3.5363895782202674,3.120678483920668
EV00424,W017,1980.0,0.9751931783127172,1.104007984784148
EV00425,W017,2160.0,0.3346958948706391,0.3499878999348592
EV00426,W017,2340.0,0.09717924080570557,0.10238075901043753
EV00427,W017,2520.0,0.024687666760248448,0.028189368118474382
EV00428,W017,2700.0,0.007243459269571654,0.007407796805493468
EV00429,W017,2880.0,0.32139488453826304,0.0018766238610857995
EV00430,W017,3060.0,0.0,0.00046169802882265615
EV00431,W017,3240.0,0.0020271283715710183,0.00011092973868029302
EV00432,W017,3420.0,0.0015933903177486654,2.6139683585648378e-05
EV00433,W017,3600.0,0.00013763042788133499,6.06120068032989e-06
EV00434,W017,3780.0,0.0020018674577964007,1.386638700380288e-06
EV00435,W017,3960.0,0.0023905814629967934,3.1363622595915985e-07
EV00436,W017,4140.0,0.0008511508026137284,7.02562207393747e-08
EV00437,W017,4320.0,0.0014171799326594613,1.5607785569441352e-08
EV00438,W017,4500.0,0.0003996145416701784,3.4426439709684255e-09
EV00439,W017,4680.0,3.814401359894384e-05,7.546572095598988e-10
EV00440,W017,4860.0,0.0,1.6453544766303295e-10
EV00441,W017,5040.0,0.0,3.5703641167675486e-11
EV00442,W018,540.0,0.0,1.4703120083976765e-07
EV00443,W018,720.0,0.01806802548725923,0.018391564508480344
EV00444,W018,900.0,1.185848537233405,1.2748101394920406
EV00445,W018,1080.0,8.027204108506176,6.957142340123672
EV00446,W018,1260.0,10.675281497394682,11.757721492011433
EV00447,W018,1440.0,10.805121229352837,10.511326173946939
EV00448,W018,1620.0,7.101650570964729,6.398287905438503
EV00449,W018,1800.0,2.9162967571942042,2.951191163598429
EV00450,W018,1980.0,0.9909546689917075,1.050134983337821
EV00451,W018,2160.0,0.32798545661486417,0.3344833275168822
EV00452,W018,2340.0,0.10427855805991328,0.0982280030058951
EV00453,W018,2520.0,0.027119531916379093,0.02713493815324389
EV00454,W018,2700.0,0.008502882739781075,0.007150713750558716
EV00455,W018,2880.0,0.001459781890396506,0.0018158826671911513
EV00456,W018,3060.0,0.0,0.0004476970129970892
EV00457,W018,3240.0,0.0022682076218722186,0.00010776544286867414
EV00458,W018,3420.0,0.0019064539098973448,2.543581870553725e-05
EV00459,W018,3600.0,0.0,5.906649356756349e-06
EV00460,W018,3780.0,0.0005623581893001255,1.353062889916426e-06
EV00461,W018,3960.0,0.0007073774868972029,3.064061610272322e-07
EV00462,W018,4140.0,0.0,6.871077491537416e-08
EV00463,W018,4320.0,0.000616892197117854,1.5279483212527693e-08
EV00464,W018,4500.0,0.1649578969171676,3.3732660654919078e-09
EV00465,W018,4680.0,0.0002628753585147219,7.400610233022835e-10
EV00466,W018,4860.0,0.0,1.614762068326139e-10
EV00467,W018,5040.0,0.0,3.506452222225557e-11
EV00468,W019,540.0,0.0006627329467519758,8.05999371080552e-14
EV00469,W019,720.0,0.0,1.6273324147125426e-05
EV00470,W019,900.0,0.025924082112188003,0.02894831927332229
EV00471,W019,1080.0,1.006841628944175,0.9789698004063071
EV00472,W019,1260.0,5.86174687626005,5.323981098405371
EV00473,W019,1440.0,8.36099479803646,10.729141673360127
EV00474,W019,1620.0,13.678791793089465,11.87595332253728
EV00475,W019,1800.0,9.410094255743006,8.663088316533676
EV00476,W019,1980.0,4.486448475449258,4.429713104511727
EV00477,W019,2160.0,1.9018374311191626,1.8930368097540657
EV00478,W019,2340.0,0.7097431720145959,0.7089279586454775
EV00479,W019,2520.0,0.2591273723857099,0.24025636051284385
EV00480,W019,2700.0,0.10570382965151474,0.07536805313973911
EV00481,W019,2880.0,0.032323754734528684,0.02224463981534958
EV00482,W019,3060.0,0.01198371881733169,0.006252188179179265
EV00483,W019,3240.0,0.012812262494129398,0.001688757706263071
EV00484,W019,3420.0,0.009537896981803313,0.0004414449177844871
EV00485,W019,3600.0,0.010397529678998083,0.00011228932151836721
EV00486,W019,3780.0,0.009537896981803313,2.79149938971981e-05
EV00487,W019,3960.0,0.012348317106968602,6.8058920152323546e-06
EV00488,W019,4140.0,0.009537896981803313,1.6319491621358836e-06
EV00489,W019,4320.0,0.011845816280879473,3.857502369765454e-07
EV00490,W019,4500.0,0.014497739126567655,9.005620800696332e-08
EV00491,W019,4680.0,0.01029619237372428,2.0797956514884483e-08
EV00492,W019,4860.0,0.014459946594213078,4.757820968422598e-09
EV00493,W019,5040.0,0.009537896981803313,1.0793620626362494e-09
EV00494,W020,540.0,0.003070137088998104,8.669937937078102e-14
EV00495,W020,720.0,0.0,1.701978150760106e-05
EV00496,W020,900.0,0.02914868185248472,0.029900927830237945
EV00497,W020,1080.0,0.9790724054301144,1.0040866240852935
EV00498,W020,1260.0,5.814409064639338,5.435911626831063
EV00499,W020,1440.0,12.009215297834894,10.920209564627541
EV00500,W020,1620.0,13.317253839114317,12.059388014822428
EV00501,W020,1800.0,9.010869071498247,8.781225492365111
EV00502,W020,1980.0,4.8112557594098595,4.483787141661739
EV00503,W020,2160.0,2.1955375440523883,1.9139524755334578
EV00504,W020,2340.0,0.8086442405737296,0.716081854064918
EV00505,W020,2520.0,0.20940635383619727,0.2424874539236035
EV00506,W020,2700.0,0.06945224187724515,0.07601624558916313
EV00507,W020,2880.0,0.019821646430374852,0.02242279231276885
EV00508,W020,3060.0,0.003893960384252142,0.006299038020352213
EV00509,W020,3240.0,0.0012447651689974594,0.0017006469857830985
EV00510,W020,3420.0,0.0017064468545408148,0.0004443755924420671
EV00511,W020,3600.0,7.499033682788257e-05,0.00011299457737038854
EV00512,W020,3780.0,0.0,2.8081346082954925e-05
EV00513,W020,3960.0,0.0,6.844475188446707e-06
EV00514,W020,4140.0,0.0,1.640771267658588e-06
EV00515,W020,4320.0,0.0005353471071978189,3.8774302809359463e-07
EV00516,W020,4500.0,0.0,9.050167446204295e-08
EV00517,W020,4680.0,0.0,2.0896641792935203e-08
EV00518,W020,4860.0,0.000476789079703384,4.779512590864574e-09
EV00519,W020,5040.0,0.0,1.084097605170933e-09
EV00520,W021,540.0,0.0,7.401432388988969e-14
EV00521,W021,720.0,0.0018536209685571128,1.5449214321552575e-05
EV00522,W021,900.0,0.03370901722811031,0.027886324882067715
EV00523,W021,1080.0,1.0084913076051234,0.9508156762359901
EV00524,W021,1260.0,5.317282668004165,5.198076542923358
EV00525,W021,1440.0,9.29083733333708,10.513698206593359
EV00526,W021,1620.0,13.578738473109855,11.668748006331969
EV00527,W021,1800.0,8.382100969911424,8.52945992052347
EV00528,W021,1980.0,3.6954457674688226,4.368482358136102
EV00529,W021,2160.0,2.191745383619989,1.8693322340069145
EV00530,W021,2340.0,0.7777150473294256,0.7008142941372268
EV00531,W021,2520.0,0.2589295771707534,0.23772440463684685
EV00532,W021,2700.0,0.07420576089176109,0.07463207095066117
EV00533,W021,2880.0,0.02116511621609438,0.02204226834803988
EV00534,W021,3060.0,0.009373868068806858,0.006198948606948346
EV00535,W021,3240.0,0.0015864621355775655,0.001675242253293521
EV00536,W021,3420.0,0.0002940708515640569,0.0004381123854705725
EV00537,W021,3600.0,0.0,0.0001114871431434903
EV00538,W021,3780.0,0.0,2.7725734159946825e-05
EV00539,W021,3960.0,0.0,6.761986116920016e-06
EV00540,W021,4140.0,0.0006742157356474914,1.6219080101886191e-06
EV00541,W021,4320.0,0.0030471070669520805,3.834816691171142e-07
EV00542,W021,4500.0,0.0,8.954901060265433e-08
EV00543,W021,4680.0,0.0,2.0685578711831314e-08
EV00544,W021,4860.0,0.0006189210206604853,4.733116177759846e-09
EV00545,W021,5040.0,0.0010346870558906075,1.0739680089715287e-09
EV00546,W022,540.0,0.0006147425516735232,6.800202139892707e-23
EV00547,W022,720.0,0.0,3.2972608213465333e-10
EV00548,W022,900.0,0.0,4.929038444628199e-05
EV00549,W022,1080.0,0.019474591934138225,0.02011986547837473
EV00550,W022,1260.0,0.0,0.5397596140268041
EV00551,W022,1440.0,0.019474591934138225,3.3002947051605083
EV00552,W022,1620.0,0.47377793800570944,8.265717573425817
EV00553,W022,1800.0,3.1962774877274196,11.27513825033382
EV00554,W022,1980.0,8.787306023414814,9.458764999478504
EV00555,W022,2160.0,12.785830290277245,6.038561579464869
EV00556,W022,2340.0,8.553215797159703,3.1517539247326813
EV00557,W022,2520.0,6.089090424693368,1.4120690401654388
EV00558,W022,2700.0,3.9061843915581576,0.5619891107894763
EV00559,W022,2880.0,1.3335357995016701,0.20367360173241336
EV00560,W022,3060.0,0.5159286569568977,0.0684627166787502
EV00561,W022,3240.0,0.21775789720047486,0.02164315607898882
EV00562,W022,3420.0,0.06789410839013282,0.006504014337530608
EV00563,W022,3600.0,0.022298530078338295,0.001873581885849268
EV00564,W022,3780.0,0.006816745900183446,0.000520809091662867
EV00565,W022,3960.0,0.0006704552534311334,0.00014044812485164177
EV00566,W022,4140.0,0.0,3.6903417656065266e-05
EV00567,W022,4320.0,0.0010867461096019143,9.481439231211262e-06
EV00568,W022,4500.0,0.0,2.3890049938167063e-06
EV00569,W022,4680.0,0.0,5.917821598563483e-07
EV00570,W022,4860.0,0.0,1.444129329823091e-07
EV00571,W022,5040.0,0.0,3.477841516553839e-08
EV00572,W023,540.0,0.001270454440623964,6.721650551696475e-23
EV00573,W023,720.0,0.0,3.272364414983157e-10
EV00574,W023,900.0,0.0,4.90144772088695e-05
EV00575,W023,1080.0,0.019099963646386664,0.020030430416471453
EV00576,W023,1260.0,0.5300403825979217,0.5377703210401621
EV00577,W023,1440.0,4.009921140625601,3.289907415062317
EV00578,W023,1620.0,7.324946890547127,8.243017763573265
EV00579,W023,1800.0,12.867149819604625,11.247674666657536
EV00580,W023,1980.0,9.19559177665367,9.438066238051999
EV00581,W023,2160.0,6.921520444428507,6.026566052610071
EV00582,W023,2340.0,2.9313142172462614,3.14602172502646
EV00583,W023,2520.0,1.439015728311021,1.4097008618244835
EV00584,W023,2700.0,0.5771410768364701,0.5611146984263108
EV00585,W023,2880.0,-0.02196634414503464,0.2033780556982473
EV00586,W023,3060.0,0.06272828909375015,0.06836964398098751
EV00587,W023,3240.0,0.02164519669340526,0.02161548026360138
EV00588,W023,3420.0,0.006103734749583648,0.006496163665730289
EV00589,W023,3600.0,0.0021043866379665977,0.0018714404255036033
EV00590,W023,3780.0,0.0008782971444145854,0.0005202438253352212
EV00591,W023,3960.0,0.0010635017773054278,0.00014030300314404575
EV00592,W023,4140.0,0.0005901641058905932,3.686703235121307e-05
EV00593,W023,4320.0,0.0024078941849715214,9.472500247162614e-06
EV00594,W023,4500.0,0.0006551466949756526,2.3868471561448267e-06
EV00595,W023,4680.0,0.0,5.912691611645936e-07
EV00596,W023,4860.0,0.0,1.4429259086969635e-07
EV00597,W023,5040.0,0.0,3.4750513542958156e-08
EV00598,W024,540.0,0.0022526602316015956,6.391085654366924e-23
EV00599,W024,720.0,0.0,3.1762714583955515e-10
EV00600,W024,900.0,0.0016520057712897517,4.798981224792027e-05
EV00601,W024,1080.0,0.018311521920954834,0.019705460519749016
EV00602,W024,1260.0,,0.5306429994346881
EV00603,W024,1440.0,,3.253054894211852
EV00604,W024,1620.0,,8.163063246683649
EV00605,W024,1800.0,6.169823498223943,11.151477323194388
EV00606,W024,1980.0,3.3197752166333294,9.365882863802081
EV00607,W024,2160.0,1.3579126447314813,5.984883028512161
EV00608,W024,2340.0,0.49422301847311056,3.126161898606868
EV00609,W024,2520.0,0.18096725826144344,1.4015164690524062
EV00610,W024,2700.0,0.07766101930890909,0.5580991583843314
EV00611,W024,2880.0,0.022579600624948896,0.20236069033879187
EV00612,W024,3060.0,0.009203227602971216,0.06804976984895832
EV00613,W024,3240.0,0.0015347048755959829,0.021520497270260362
EV00614,W024,3420.0,0.0021053945795181514,0.0064692538806396796
EV00615,W024,3600.0,3.995106692427234e-05,0.0018641083045180427
EV00616,W024,3780.0,0.0,0.0005183103520240408
EV00617,W024,3960.0,0.001547303892558921,0.00013980706780387751
EV00618,W024,4140.0,0.0,3.674279202215603e-05
EV00619,W024,4320.0,-0.030714434078850713,9.442000228111472e-06
EV00620,W024,4500.0,0.0,2.379489600229006e-06
EV00621,W024,4680.0,-0.030714434078850713,5.895210942957406e-07
EV00622,W024,4860.0,0.0003130150023199441,1.4388275713329798e-07
EV00623,W024,5040.0,0.0,3.465554347910903e-08
EV00624,W025,540.0,0.0,1.9472191492168765e-35
EV00625,W025,720.0,0.0022463424286011382,6.068531139481058e-17
EV00626,W025,900.0,0.0,3.2331156610964947e-09
EV00627,W025,1080.0,0.0,3.589035405176117e-05
EV00628,W025,1260.0,0.009576328694004868,0.007993460186487037
EV00629,W025,1440.0,0.1792076435713001,0.2129853313053802
EV00630,W025,1620.0,1.6307409707320566,1.575397506930019
EV00631,W025,1800.0,4.425365658130758,4.928944217933956
EV00632,W025,1980.0,8.057797229203288,7.973055142525199
EV00633,W025,2160.0,,8.667884489300409
EV00634,W025,2340.0,,7.026659760227836
EV00635,W025,2520.0,,4.558680123242126
EV00636,W025,2700.0,2.7903965375005195,2.4876879327477
EV00637,W025,2880.0,1.2710303073991946,1.1837688107797608
EV00638,W025,3060.0,0.0,0.5044947924021659
EV00639,W025,3240.0,0.0,0.1964948013594535
EV00640,W025,3420.0,0.0,0.07104314651179484
EV00641,W025,3600.0,0.023964079920217502,0.02413642644577016
EV00642,W025,3780.0,0.0077924817511436,0.007780617881827259
EV00643,W025,3960.0,0.0013316130029800005,0.0023984501632019874
EV00644,W025,4140.0,0.001143436196604993,0.0007114997498891108
EV00645,W025,4320.0,0.0010676618127180345,0.0002041766088634424
EV00646,W025,4500.0,0.0005778085264349559,5.692419883959128e-05
EV00647,W025,4680.0,0.0,1.547434009356002e-05
EV00648,W025,4860.0,0.000824843513157657,4.114042825769473e-06
EV00649,W025,5040.0,0.0,1.0724661784019119e-06
EV00650,W026,540.0,0.00022896097557368214,2.0480084975329527e-35
EV00651,W026,720.0,0.0,6.259766648368058e-17
EV00652,W026,900.0,0.0016736921519992396,3.3063495939134063e-09
EV00653,W026,1080.0,0.0,3.6524878643779795e-05
EV00654,W026,1260.0,0.006591218345115997,0.008109345152318894
EV00655,W026,1440.0,0.23785149995216867,0.2156020974047159
EV00656,W026,1620.0,1.7383041572465476,1.5921914189097028
EV00657,W026,1800.0,4.17111786470988,4.975346174585149
EV00658,W026,1980.0,6.599331108906732,8.040260101239598
EV00659,W026,2160.0,8.820909387004678,8.734024763319514
EV00660,W026,2340.0,7.651293930030535,7.075636881302783
EV00661,W026,2520.0,4.457548947494101,4.587924294449599
EV00662,W026,2700.0,2.5822848200513855,2.5024693311880317
EV00663,W026,2880.0,1.440801141534233,1.1903193302377246
EV00664,W026,3060.0,0.5181656381480232,0.5071070102087752
EV00665,W026,3240.0,0.2269760119229172,0.19745077527274493
EV00666,W026,3420.0,0.06900203880002666,0.07136909336566105
EV00667,W026,3600.0,0.02098528548754279,0.02424119684188686
EV00668,W026,3780.0,0.0074560925283965315,0.0078126646217691
EV00669,W026,3960.0,0.0017648051372209242,0.0024078482990965507
EV00670,W026,4140.0,0.0,0.0007141583685795055
EV00671,W026,4320.0,0.0,0.00020490571916570398
EV00672,W026,4500.0,0.00026813396216492037,5.7118844436349436e-05
EV00673,W026,4680.0,0.0007851465687441482,1.5525097987311178e-05
EV00674,W026,4860.0,0.0,4.127009389349961e-06
EV00675,W026,5040.0,0.0003864428297865609,1.0757190715925222e-06
EV00676,W027,540.0,0.0003448236218677708,1.6003991086893102e-35
EV00677,W027,720.0,0.0,5.379114252550204e-17
EV00678,W027,900.0,0.0002013239578592894,2.9635506194442658e-09
EV00679,W027,1080.0,0.0009888388700007794,3.352704000805934e-05
EV00680,W027,1260.0,0.007730904661881562,0.007558551833931655
EV00681,W027,1440.0,0.18551680338402737,0.20311262316163012
EV00682,W027,1620.0,1.721167983537923,1.5117883277145376
EV00683,W027,1800.0,4.8186304619727425,4.7526626472353195
EV00684,W027,1980.0,8.433624406236776,7.7171354657450015
EV00685,W027,2160.0,10.360622481513563,8.415533094674954
EV00686,W027,2340.0,8.021446404798516,6.839494107585894
EV00687,W027,2520.0,4.50919796747267,4.446773573816229
EV00688,W027,2700.0,2.4901820224323816,2.4310601811547334
EV00689,W027,2880.0,1.0978519884291584,1.1586488446163012
EV00690,W027,3060.0,0.4126143275819635,0.49446880399959964
EV00691,W027,3240.0,25.03122837821052,0.19282288078799142
EV00692,W027,3420.0,10.456072291056033,0.06979033408297805
EV00693,W027,3600.0,0.026657996345561347,0.023733488197147417
EV00694,W027,3780.0,0.006224856064687102,0.0076573023337241294
EV00695,W027,3960.0,0.0013163155814238416,0.0023622686216474404
EV00696,W027,4140.0,0.0006999972851548608,0.0007012599090266346
EV00697,W027,4320.0,0.0006407743321504685,0.00020136726284105536
EV00698,W027,4500.0,0.0,5.6173930499922094e-05
EV00699,W027,4680.0,0.0006763502374991448,1.52786257464184e-05
EV00700,W027,4860.0,0.0,4.064030215782199e-06
EV00701,W027,5040.0,0.00015921649433716937,1.0599160029517538e-06
EV00702,W028,540.0,0.0007701408783236162,5.9369546491886804e-52
EV00703,W028,720.0,0.0027575144249489428,5.0202974505355767e-26
EV00704,W028,900.0,0.00027542642229988257,4.9305948325991194e-15
EV00705,W028,1080.0,0.0,3.74802442625728e-09
EV00706,W028,1260.0,0.0,1.2521964865696539e-05
EV00707,W028,1440.0,0.000991661739966921,0.0021938834974057696
EV00708,W028,1620.0,0.06319248634507649,0.0648632655232065
EV00709,W028,1800.0,0.6381448123388894,0.5869866245024236
EV00710,W028,1980.0,2.582513097337889,2.1995638107003397
EV00711,W028,2160.0,4.866503044564417,4.725093224550282
EV00712,W028,2340.0,6.864488018291653,6.728043815107714
EV00713,W028,2520.0,6.916067018057648,7.009508856334889
EV00714,W028,2700.0,6.241913955759272,5.728331933804063
EV00715,W028,2880.0,4.8404974599290505,3.8619213088878386
EV00716,W028,3060.0,2.0291448390751556,2.229761438754929
EV00717,W028,3240.0,1.2638755951862677,1.1342243686472686
EV00718,W028,3420.0,0.5442565583533175,0.5195362558861206
EV00719,W028,3600.0,0.5284924788706369,0.21799415804169353
EV00720,W028,3780.0,0.09173172668244754,0.08493633190336765
EV00721,W028,3960.0,0.03213735428056117,0.03106803673666199
EV00722,W028,4140.0,0.007664515821408317,0.01076393507874213
EV00723,W028,4320.0,0.002945869336896371,0.0035582874119821284
EV00724,W028,4500.0,0.003046655477488014,0.0011291632343130192
EV00725,W028,4680.0,0.0,0.00034571597626493735
EV00726,W028,4860.0,0.0006010012075804036,0.0001025612877500519
EV00727,W028,5040.0,0.0002383117247986034,2.958841249560217e-05
EV00728,W029,540.0,0.0,5.226561204369133e-52
EV00729,W029,720.0,0.0006123048456543771,4.636397894632016e-26
EV00730,W029,900.0,0.0016442132654409976,4.653596475967819e-15
EV00731,W029,1080.0,0.000545396226093608,3.5816243107704603e-09
EV00732,W029,1260.0,0.06673726161248099,1.2062422480633228e-05
EV00733,W029,1440.0,0.6587951129823431,0.002125268147556898
EV00734,W029,1620.0,2.168659608230361,0.06309581202677994
EV00735,W029,1800.0,4.848077537975718,0.572816377290067
EV00736,W029,1980.0,7.2578658872695705,2.1519017212052196
EV00737,W029,2160.0,6.9843733073539305,4.632215656512556
EV00738,W029,2340.0,6.763498214615283,6.607035336852289
EV00739,W029,2520.0,4.59601405918447,6.893313385272632
EV00740,W029,2700.0,2.0596092065796228,5.64027222832962
EV00741,W029,2880.0,1.2481228082071876,3.806573864915984
EV00742,W029,3060.0,0.5854404356367588,2.1998323172229255
EV00743,W029,3240.0,0.20007855689274381,1.1199082067309931
EV00744,W029,3420.0,0.08785139635111956,0.513347786668503
EV00745,W029,3600.0,0.029689384838387563,0.21553588521377556
EV00746,W029,3780.0,0.010690245489552426,0.08402698094868778
EV00747,W029,3960.0,0.003386316910684486,0.03075143183160018
EV00748,W029,4140.0,0.0009528461139641393,0.010659282731282915
EV00749,W029,4320.0,0.0,0.003525211588410773
EV00750,W029,4500.0,0.0009528461139641393,0.0011191088182864232
EV00751,W029,4680.0,0.0,0.00034276191406008795
EV00752,W029,4860.0,0.0010224749615400021,0.00010171893817999709
EV00753,W029,5040.0,0.0,2.9354478181794316e-05
EV00754,W030,540.0,0.0010316219448062826,4.380420823772608e-52
EV00755,W030,720.0,0.0,4.161162814009024e-26
EV00756,W030,900.0,0.0011447658361210947,4.30471745046775e-15
EV00757,W030,1080.0,0.004497973664248962,3.3699778141611783e-09
EV00758,W030,1260.0,0.0011849784858142265,1.147421871642377e-05
EV00759,W030,1440.0,0.0035115997917683074,0.0020370537591173936
EV00760,W030,1620.0,0.07019274907791291,0.060816103160900796
EV00761,W030,1800.0,0.5249414529678136,0.5544934747110783
EV00762,W030,1980.0,2.2043298765328667,2.0901498995679493
EV00763,W030,2160.0,4.137554428767047,4.511688339180459
EV00764,W030,2340.0,6.520011770786359,6.449793427156875
EV00765,W030,2520.0,6.492833573626322,6.7421564748904075
EV00766,W030,2700.0,5.925307349862513,5.525607213069443
EV00767,W030,2880.0,3.913033958277983,3.734444945727606
EV00768,W030,3060.0,2.01758106643889,2.1608005581216245
EV00769,W030,3240.0,1.0550442786596799,1.101226115855143
EV00770,W030,3420.0,0.5206880210045286,0.5052675206589794
EV00771,W030,3600.0,0.2082571376513354,0.21232451856668658
EV00772,W030,3780.0,0.09213961870611621,0.08283851547383347
EV00773,W030,3960.0,0.031654192194563495,0.030337480790810507
EV00774,W030,4140.0,0.011217522098292538,0.010522402634248501
EV00775,W030,4320.0,0.004044319144729115,0.0034819355156603137
EV00776,W030,4500.0,0.0,0.001105949677778942
EV00777,W030,4680.0,0.0,0.00033889456864862944
EV00778,W030,4860.0,0.0002359061586634787,0.00010061587912321655
EV00779,W030,5040.0,0.0014902810719132535,2.9048066781048092e-05
EV00780,W031,540.0,0.0010919380432451915,2.44857724159698e-73
EV00781,W031,720.0,0.002013715352155215,5.273513889540832e-38
EV00782,W031,900.0,0.0,7.028533913573143e-23
EV00783,W031,1080.0,0.0,1.1239040506096598e-14
EV00784,W031,1260.0,0.0015833678135505757,1.1562798248686187e-09
EV00785,W031,1440.0,0.0,2.1967171815031516e-06
EV00786,W031,1620.0,0.0,0.0003750940535341548
EV00787,W031,1800.0,0.012472716831509675,0.013018565224951885
EV00788,W031,1980.0,0.12753349465432667,0.14126222309514522
EV00789,W031,2160.0,0.7847143988137956,0.718557516460363
EV00790,W031,2340.0,2.203857008759922,2.0872488205528645
EV00791,W031,2520.0,4.1474979970169645,3.960328319750106
EV00792,W031,2700.0,6.208915633736683,5.395724856745981
EV00793,W031,2880.0,5.91414328724629,5.653623848342422
EV00794,W031,3060.0,4.243807295149977,4.79380882989876
EV00795,W031,3240.0,3.327772135351425,3.418787898421131
EV00796,W031,3420.0,1.8351766015455575,2.112674876120434
EV00797,W031,3600.0,1.0745512533271213,1.157970498768336
EV00798,W031,3780.0,0.6937037106857754,0.5734846691806318
EV00799,W031,3960.0,0.2525144441184929,0.2604879168607982
EV00800,W031,4140.0,0.08904246460435317,0.10984219409285773
EV00801,W031,4320.0,0.03308579630925895,0.043431192193678206
EV00802,W031,4500.0,0.016309935638511006,0.016236068177322056
EV00803,W031,4680.0,0.004725280897724479,0.0057784806062055605
EV00804,W031,4860.0,0.0016856545890203967,0.001969401142144107
EV00805,W031,5040.0,0.0005015983073396287,0.0006459408617246392
EV00806,W032,540.0,0.001714311195785403,2.2701019463084506e-73
EV00807,W032,720.0,0.000243671967460612,5.029919537230262e-38
EV00808,W032,900.0,0.0,6.79093445428465e-23
EV00809,W032,1080.0,0.0011488443165631951,1.0939454943085163e-14
EV00810,W032,1260.0,0.0,1.1308389525775162e-09
EV00811,W032,1440.0,0.0010595361469400363,2.155568125105168e-06
EV00812,W032,1620.0,0.00340296834212375,0.00036897698626972634
EV00813,W032,1800.0,0.011484779365575353,0.012830583052005053
EV00814,W032,1980.0,0.13430787131575278,0.13943214853585975
EV00815,W032,2160.0,0.6732748133937758,0.7101162582904061
EV00816,W032,2340.0,2.027740753471103,2.064819665960984
EV00817,W032,2520.0,4.489809219885487,3.921115143036246
EV00818,W032,2700.0,4.940500464798447,5.346191013169219
EV00819,W032,2880.0,4.996892982912471,5.605246588263556
EV00820,W032,3060.0,4.883746336448071,4.755397080150846
EV00821,W032,3240.0,3.822231749900467,3.393031574890771
EV00822,W032,3420.0,1.818770648236321,2.0976563398897623
EV00823,W032,3600.0,0.8807228927646235,1.1501783038112239
EV00824,W032,3780.0,0.5898764547772981,0.5698212081325269
EV00825,W032,3960.0,0.25694395479952725,0.25890418306117235
EV00826,W032,4140.0,0.09662923785629715,0.1092051042395999
EV00827,W032,4320.0,0.046923375058826815,0.043190373017998836
EV00828,W032,4500.0,0.014209243208829924,0.016149835948584823
EV00829,W032,4680.0,0.008511742345055747,0.005749031376880611
EV00830,W032,4860.0,0.0,0.001959754484799177
EV00831,W032,5040.0,0.0006634434076874723,0.000642895250568859
EV00832,W033,540.0,0.0,2.0155691226367148e-73
EV00833,W033,720.0,0.00183462641152909,4.678853561618361e-38
EV00834,W033,900.0,0.001131092540965809,6.446936751040923e-23
EV00835,W033,1080.0,0.0017542934786168379,1.0504600039588515e-14
EV00836,W033,1260.0,0.0002936915988520467,1.0938504228201248e-09
EV00837,W033,1440.0,7.392968384690748e-05,2.095673351147007e-06
EV00838,W033,1620.0,0.0,0.0003600658058038723
EV00839,W033,1800.0,0.011906803647463209,0.01255656033522498
EV00840,W033,1980.0,0.1457580079979131,0.13676308859719358
EV00841,W033,2160.0,0.6698550077812855,0.6978001165693407
EV00842,W033,2340.0,2.5102976129965473,2.0320835236001336
EV00843,W033,2520.0,4.281300525223509,3.8638658330553484
EV00844,W033,2700.0,5.155525787609338,5.273856489711368
EV00845,W033,2880.0,6.159219101908804,5.53458624663092
EV00846,W033,3060.0,5.044637753964309,4.699282240474773
EV00847,W033,3240.0,3.677292877225018,3.355398725528814
EV00848,W033,3420.0,2.0598021390116186,2.0757094748048215
EV00849,W033,3600.0,0.9898325811260811,1.138789982781899
EV00850,W033,3780.0,0.5140768505317421,0.5644664378794255
EV00851,W033,3960.0,0.24776244843378326,0.2565890496999647
EV00852,W033,4140.0,0.10448152652596121,0.10827370701132842
EV00853,W033,4320.0,0.03731428267885098,0.04283827615503346
EV00854,W033,4500.0,0.01452001896284659,0.01602374775931313
EV00855,W033,4680.0,0.005881868952203875,0.005705967840615914
EV00856,W033,4860.0,0.0007558386335030454,0.0019456472744284583
EV00857,W033,5040.0,0.0,0.0006384410975955161
EV00858,W034,540.0,0.0003799613187177855,2.596251460501794e-100
EV00859,W034,720.0,0.0,2.5571091738679063e-53
EV00860,W034,900.0,0.0,4.523908104014656e-33
EV00861,W034,1080.0,0.001845922128198668,5.48347915616848e-22
EV00862,W034,1260.0,0.0,3.9498168385364506e-15
EV00863,W034,1440.0,0.000839048608622892,1.4406098224296063e-10
EV00864,W034,1620.0,0.0,2.162784849113492e-07
EV00865,W034,1800.0,0.0,3.973211370315495e-05
EV00866,W034,1980.0,0.0017449882032733446,0.0016107318205445312
EV00867,W034,2160.0,0.02719048005980488,0.02385283512319968
EV00868,W034,2340.0,0.16359306013228028,0.1676849123700425
EV00869,W034,2520.0,0.7100917232917309,0.6689700752601437
EV00870,W034,2700.0,1.7842053113101555,1.7175234356878086
EV00871,W034,2880.0,3.1156475807183,3.1086877473753805
EV00872,W034,3060.0,4.854393448275474,4.244522090132465
EV00873,W034,3240.0,5.190007541961837,4.6019461591401605
EV00874,W034,3420.0,3.8196070633435157,4.1220382388115695
EV00875,W034,3600.0,3.367218458301958,3.1464578181015583
EV00876,W034,3780.0,2.0194521600953075,2.0979190614163303
EV00877,W034,3960.0,1.2041175217974323,1.2463470103686995
EV00878,W034,4140.0,0.7259452057978764,0.6704924021913989
EV00879,W034,4320.0,0.3212335921540675,0.33099822511322774
EV00880,W034,4500.0,0.14238181745981646,0.15160840577623672
EV00881,W034,4680.0,0.06129340641578649,0.0650268629069804
EV00882,W034,4860.0,0.026998420682187958,0.026321520487238823
EV00883,W034,5040.0,0.012103660726307697,0.010121477663532328
EV00884,W035,540.0,2.170503941647452e-05,2.3779249912141793e-100
EV00885,W035,720.0,0.0028348783848405807,2.420828179315352e-53
EV00886,W035,900.0,0.0012344160643976232,4.347454473815651e-33
EV00887,W035,1080.0,-0.025217669703441407,5.314825586870481e-22
EV00888,W035,1260.0,0.0027594461625315256,3.849539719416615e-15
EV00889,W035,1440.0,0.0,1.4094715903092832e-10
EV00890,W035,1620.0,0.0,2.122085933480755e-07
EV00891,W035,1800.0,0.002268326548248681,3.907010258840893e-05
EV00892,W035,1980.0,0.0005290911371910794,0.0015866527906014372
EV00893,W035,2160.0,0.025604529375254804,0.023529493903398833
EV00894,W035,2340.0,0.17544232928317793,0.16560564606246914
EV00895,W035,2520.0,0.6049978831034687,0.6613266732961827
EV00896,W035,2700.0,1.8195956038716894,1.699329126825696
EV00897,W035,2880.0,2.480881142942639,3.0779923394539512
EV00898,W035,3060.0,3.8449517871056784,4.205276102560317
EV00899,W035,3240.0,4.48052098409339,4.561939034970088
EV00900,W035,3420.0,3.402406908474265,4.088224597929329
EV00901,W035,3600.0,3.2650976924980024,3.1220251997805635
EV00902,W035,3780.0,2.2221356159051986,2.0824542368013064
EV00903,W035,3960.0,0.9712075386247733,1.2376027971663874
EV00904,W035,4140.0,0.9167153032380276,0.6660048128803848
EV00905,W035,4320.0,0.3508085846175006,0.32888033570015246
EV00906,W035,4500.0,0.1567406052356634,0.1506792236961233
EV00907,W035,4680.0,0.07278960553838812,0.06464444137473496
EV00908,W035,4860.0,0.024899431313257957,0.026172740908032417
EV00909,W035,5040.0,0.011939462189630125,0.010066407584792216
EV00910,W036,540.0,0.0003971716307702816,1.9035815496538372e-100
EV00911,W036,720.0,0.0,2.11133787090324e-53
EV00912,W036,900.0,0.002971013214036115,3.938660997056137e-33
EV00913,W036,1080.0,0.0,4.919644242937237e-22
EV00914,W036,1260.0,0.001144261251123393,3.612848257260665e-15
EV00915,W036,1440.0,0.0010959782260489212,1.3355967470970743e-10
EV00916,W036,1620.0,0.0006668848670980654,2.0251632155924097e-07
EV00917,W036,1800.0,0.0020092425389559,3.7488969500485885e-05
EV00918,W036,1980.0,0.0010788075948129805,0.001529010531100782
EV00919,W036,2160.0,0.022792510807614956,0.02275400754971379
EV00920,W036,2340.0,0.1297949024081705,0.1606111128987028
EV00921,W036,2520.0,0.6484439190045082,0.6429428055918189
EV00922,W036,2700.0,1.8382328408688986,1.6555196328567663
EV00923,W036,2880.0,2.701580244754464,3.004010921839204
EV00924,W036,3060.0,3.748990460832217,4.110607102045121
EV00925,W036,3240.0,5.135449293619344,4.465362974658749
EV00926,W036,3420.0,3.920514473399568,4.006546152068924
EV00927,W036,3600.0,3.214867856806293,3.062972669544949
EV00928,W036,3780.0,2.2136474360348974,2.0450568973629784
EV00929,W036,3960.0,1.2271949607698633,1.2164473780253489
EV00930,W036,4140.0,0.6861171913090721,0.6551430523306284
EV00931,W036,4320.0,0.35051288014010434,0.32375219219250206
EV00932,W036,4500.0,0.14409163105154982,0.14842854695313357
EV00933,W036,4680.0,0.0708465300651279,0.06371783042760425
EV00934,W036,4860.0,0.026021538773923096,0.02581213729957087
EV00935,W036,5040.0,0.012546462579541421,0.009932894383937203
