record_id,well_id,x,y,z,time_days,observed_concentration_mg_L,above_detection_limit,detection_limit_mg_L
TR00000,W001,34.0,15.413130025095104,1.6,360.0,3.2832061442614853,True,0.002
TR00001,W001,34.0,15.413130025095104,1.6,540.0,6.775248497221343,True,0.002
TR00002,W001,34.0,15.413130025095104,1.6,720.0,2.3866598071153358,True,0.002
TR00003,W001,34.0,15.413130025095104,1.6,900.0,0.5831568075565623,True,0.002
TR00004,W001,34.0,15.413130025095104,1.6,1080.0,0.13413585360823654,True,0.002
TR00005,W001,34.0,15.413130025095104,1.6,1260.0,0.029597072304776616,True,0.002
TR00006,W001,34.0,15.413130025095104,1.6,1440.0,0.007341653936496351,True,0.002
TR00007,W001,34.0,15.413130025095104,1.6,1620.0,0.0,False,0.002
TR00008,W001,34.0,15.413130025095104,1.6,1800.0,0.0,False,0.002
TR00009,W001,34.0,15.413130025095104,1.6,1980.0,0.0,False,0.002
TR00010,W001,34.0,15.413130025095104,1.6,2160.0,0.0,False,0.002
TR00011,W001,34.0,15.413130025095104,1.6,2340.0,0.0,False,0.002
TR00012,W001,34.0,15.413130025095104,1.6,2520.0,0.0,False,0.002
TR00013,W001,34.0,15.413130025095104,1.6,2700.0,0.001451745808950448,False,0.002
TR00014,W001,34.0,15.413130025095104,1.6,2880.0,0.0008797497414684046,False,0.002
TR00015,W001,34.0,15.413130025095104,1.6,3060.0,0.001470338005362727,False,0.002
TR00016,W001,34.0,15.413130025095104,1.6,3240.0,0.0029404189749121412,True,0.002
TR00017,W001,34.0,15.413130025095104,1.6,3420.0,0.0017196737544604057,False,0.002
TR00018,W001,34.0,15.413130025095104,1.6,3600.0,0.002667127345056084,True,0.002
TR00019,W001,34.0,15.413130025095104,1.6,3780.0,0.0,False,0.002
TR00020,W001,34.0,15.413130025095104,1.6,3960.0,0.00010522516518621403,False,0.002
TR00021,W001,34.0,15.413130025095104,1.6,4140.0,0.0,False,0.002
TR00022,W001,34.0,15.413130025095104,1.6,4320.0,0.0,False,0.002
TR00023,W002,34.0,17.291177374240604,1.6,360.0,3.7356504326201874,True,0.002
TR00024,W002,34.0,17.291177374240604,1.6,540.0,6.228852773271579,True,0.002
TR00025,W002,34.0,17.291177374240604,1.6,720.0,2.3843909227432993,True,0.002
TR00026,W002,34.0,17.291177374240604,1.6,900.0,0.4555255813967466,True,0.002
TR00027,W002,34.0,17.291177374240604,1.6,1080.0,0.13711295378831848,True,0.002
TR00028,W002,34.0,17.291177374240604,1.6,1260.0,0.026172539893490478,True,0.002
TR00029,W002,34.0,17.291177374240604,1.6,1440.0,0.006098261001901821,True,0.002
TR00030,W002,34.0,17.291177374240604,1.6,1620.0,0.0012819341731948066,False,0.002
TR00031,W002,34.0,17.291177374240604,1.6,1800.0,0.0023371676757480368,True,0.002
TR00032,W002,34.0,17.291177374240604,1.6,1980.0,0.0010232037914053086,False,0.002
TR00033,W002,34.0,17.291177374240604,1.6,2160.0,0.0,False,0.002
TR00034,W002,34.0,17.291177374240604,1.6,2340.0,0.0,False,0.002
TR00035,W002,34.0,17.291177374240604,1.6,2520.0,0.0,False,0.002
TR00036,W002,34.0,17.291177374240604,1.6,2700.0,0.0,False,0.002
TR00037,W002,34.0,17.291177374240604,1.6,2880.0,0.0010276232413988361,False,0.002
TR00038,W002,34.0,17.291177374240604,1.6,3060.0,0.0,False,0.002
TR00039,W002,34.0,17.291177374240604,1.6,3240.0,0.0006047388543612587,False,0.002
TR00040,W002,34.0,17.291177374240604,1.6,3420.0,0.0006712621118061861,False,0.002
TR00041,W002,34.0,17.291177374240604,1.6,3600.0,0.0,False,0.002
TR00042,W002,34.0,17.291177374240604,1.6,3780.0,0.001012410430767854,False,0.002
TR00043,W002,34.0,17.291177374240604,1.6,3960.0,0.0,False,0.002
TR00044,W002,34.0,17.291177374240604,1.6,4140.0,0.0,False,0.002
TR00045,W002,34.0,17.291177374240604,1.6,4320.0,0.0011824428578327275,False,0.002
TR00046,W003,34.0,19.491581190940767,3.4,360.0,2.702491618630045,True,0.002
TR00047,W003,34.0,19.491581190940767,3.4,540.0,5.4719452116339085,True,0.002
TR00048,W003,34.0,19.491581190940767,3.4,720.0,2.4520623076534713,True,0.002
TR00049,W003,34.0,19.491581190940767,3.4,900.0,0.5537262291091635,True,0.002
TR00050,W003,34.0,19.491581190940767,3.4,1080.0,0.12334024275966893,True,0.002
TR00051,W003,34.0,19.491581190940767,3.4,1260.0,0.025664374745387037,True,0.002
TR00052,W003,34.0,19.491581190940767,3.4,1440.0,0.006253713029144469,True,0.002
TR00053,W003,34.0,19.491581190940767,3.4,1620.0,0.001849721524799054,False,0.002
TR00054,W003,34.0,19.491581190940767,3.4,1800.0,0.0,False,0.002
TR00055,W003,34.0,19.491581190940767,3.4,1980.0,0.0,False,0.002
TR00056,W003,34.0,19.491581190940767,3.4,2160.0,0.0,False,0.002
TR00057,W003,34.0,19.491581190940767,3.4,2340.0,0.0,False,0.002
TR00058,W003,34.0,19.491581190940767,3.4,2520.0,0.0019054014908871533,False,0.002
TR00059,W003,34.0,19.491581190940767,3.4,2700.0,0.001319277554497019,False,0.002
TR00060,W003,34.0,19.491581190940767,3.4,2880.0,0.0031392668869892532,True,0.002
TR00061,W003,34.0,19.491581190940767,3.4,3060.0,0.0,False,0.002
TR00062,W003,34.0,19.491581190940767,3.4,3240.0,0.001066191455786512,False,0.002
TR00063,W003,34.0,19.491581190940767,3.4,3420.0,0.0009227442107957936,False,0.002
TR00064,W003,34.0,19.491581190940767,3.4,3600.0,0.002188102436565227,True,0.002
TR00065,W003,34.0,19.491581190940767,3.4,3780.0,0.0,False,0.002
TR00066,W003,34.0,19.491581190940767,3.4,3960.0,0.0012045575540397667,False,0.002
TR00067,W003,34.0,19.491581190940767,3.4,4140.0,0.0,False,0.002
TR00068,W003,34.0,19.491581190940767,3.4,4320.0,0.0002854472698914709,False,0.002
TR00069,W004,44.0,15.780606549649903,2.5,360.0,0.3697658666414321,True,0.002
TR00070,W004,44.0,15.780606549649903,2.5,540.0,13.778171275252783,True,0.002
TR00071,W004,44.0,15.780606549649903,2.5,720.0,8.85801779891921,True,0.002
TR00072,W004,44.0,15.780606549649903,2.5,900.0,2.3384934449442865,True,0.002
TR00073,W004,44.0,15.780606549649903,2.5,1080.0,0.7779707685105248,True,0.002
TR00074,W004,44.0,15.780606549649903,2.5,1260.0,0.17899729170024872,True,0.002
TR00075,W004,44.0,15.780606549649903,2.5,1440.0,0.03835350021708334,True,0.002
TR00076,W004,44.0,15.780606549649903,2.5,1620.0,0.008958450531696936,True,0.002
TR00077,W004,44.0,15.780606549649903,2.5,1800.0,0.00427643592743505,True,0.002
TR00078,W004,44.0,15.780606549649903,2.5,1980.0,0.002022810239888434,True,0.002
TR00079,W004,44.0,15.780606549649903,2.5,2160.0,0.0,False,0.002
TR00080,W004,44.0,15.780606549649903,2.5,2340.0,0.0,False,0.002
TR00081,W004,44.0,15.780606549649903,2.5,2520.0,0.0006422834128124713,False,0.002
TR00082,W004,44.0,15.780606549649903,2.5,2700.0,0.0,False,0.002
TR00083,W004,44.0,15.780606549649903,2.5,2880.0,0.0005150893685873306,False,0.002
TR00084,W004,44.0,15.780606549649903,2.5,3060.0,0.0,False,0.002
TR00085,W004,44.0,15.780606549649903,2.5,3240.0,0.0,False,0.002
TR00086,W004,44.0,15.780606549649903,2.5,3420.0,0.0,False,0.002
TR00087,W004,44.0,15.780606549649903,2.5,3600.0,0.0,False,0.002
TR00088,W004,44.0,15.780606549649903,2.5,3780.0,0.0006315046470290915,False,0.002
TR00089,W004,44.0,15.780606549649903,2.5,3960.0,0.0,False,0.002
TR00090,W004,44.0,15.780606549649903,2.5,4140.0,0.0,False,0.002
TR00091,W004,44.0,15.780606549649903,2.5,4320.0,0.0006730238083125278,False,0.002
TR00092,W005,44.0,17.732236793164738,3.4,360.0,0.27338162036919994,True,0.002
TR00093,W005,44.0,17.732236793164738,3.4,540.0,10.095699790458607,True,0.002
TR00094,W005,44.0,17.732236793164738,3.4,720.0,9.572735106408912,True,0.002
TR00095,W005,44.0,17.732236793164738,3.4,900.0,2.3666860109433974,True,0.002
TR00096,W005,44.0,17.732236793164738,3.4,1080.0,0.6441029571307207,True,0.002
TR00097,W005,44.0,17.732236793164738,3.4,1260.0,0.18046425037319647,True,0.002
TR00098,W005,44.0,17.732236793164738,3.4,1440.0,0.039768720913189164,True,0.002
TR00099,W005,44.0,17.732236793164738,3.4,1620.0,0.008385803472257267,True,0.002
TR00100,W005,44.0,17.732236793164738,3.4,1800.0,0.00021578880202448216,False,0.002
TR00101,W005,44.0,17.732236793164738,3.4,1980.0,0.0033976083090639236,True,0.002
TR00102,W005,44.0,17.732236793164738,3.4,2160.0,0.0008029888443417996,False,0.002
TR00103,W005,44.0,17.732236793164738,3.4,2340.0,0.0,False,0.002
TR00104,W005,44.0,17.732236793164738,3.4,2520.0,0.0,False,0.002
TR00105,W005,44.0,17.732236793164738,3.4,2700.0,0.0,False,0.002
TR00106,W005,44.0,17.732236793164738,3.4,2880.0,0.0,False,0.002
TR00107,W005,44.0,17.732236793164738,3.4,3060.0,0.0007573912405838692,False,0.002
TR00108,W005,44.0,17.732236793164738,3.4,3240.0,0.0,False,0.002
TR00109,W005,44.0,17.732236793164738,3.4,3420.0,0.0029393926962056516,True,0.002
TR00110,W005,44.0,17.732236793164738,3.4,3600.0,0.0,False,0.002
TR00111,W005,44.0,17.732236793164738,3.4,3780.0,0.0014367784987316678,False,0.002
TR00112,W005,44.0,17.732236793164738,3.4,3960.0,0.0,False,0.002
TR00113,W005,44.0,17.732236793164738,3.4,4140.0,0.0019082325735158146,False,0.002
TR00114,W005,44.0,17.732236793164738,3.4,4320.0,0.0034352198732715946,True,0.002
TR00115,W006,44.0,19.716947050365107,3.4,360.0,0.16944403833642985,True,0.002
TR00116,W006,44.0,19.716947050365107,3.4,540.0,9.102675225349785,True,0.002
TR00117,W006,44.0,19.716947050365107,3.4,720.0,7.558991249362166,True,0.002
TR00118,W006,44.0,19.716947050365107,3.4,900.0,2.398669852045123,True,0.002
TR00119,W006,44.0,19.716947050365107,3.4,1080.0,0.7333540130485763,True,0.002
TR00120,W006,44.0,19.716947050365107,3.4,1260.0,0.18510973069228304,True,0.002
TR00121,W006,44.0,19.716947050365107,3.4,1440.0,0.03919738445411646,True,0.002
TR00122,W006,44.0,19.716947050365107,3.4,1620.0,0.010556414815119174,True,0.002
TR00123,W006,44.0,19.716947050365107,3.4,1800.0,0.0030105587205600717,True,0.002
TR00124,W006,44.0,19.716947050365107,3.4,1980.0,0.004527007105303787,True,0.002
TR00125,W006,44.0,19.716947050365107,3.4,2160.0,0.0040178036211790304,True,0.002
TR00126,W006,44.0,19.716947050365107,3.4,2340.0,0.0030105587205600717,True,0.002
TR00127,W006,44.0,19.716947050365107,3.4,2520.0,0.004150189918238023,True,0.002
TR00128,W006,44.0,19.716947050365107,3.4,2700.0,0.006460255011500243,True,0.002
TR00129,W006,44.0,19.716947050365107,3.4,2880.0,0.0030105587205600717,True,0.002
TR00130,W006,44.0,19.716947050365107,3.4,3060.0,0.0030105587205600717,True,0.002
TR00131,W006,44.0,19.716947050365107,3.4,3240.0,0.003099755737758725,True,0.002
TR00132,W006,44.0,19.716947050365107,3.4,3420.0,0.005254725636591909,True,0.002
TR00133,W006,44.0,19.716947050365107,3.4,3600.0,0.003364446585516473,True,0.002
TR00134,W006,44.0,19.716947050365107,3.4,3780.0,0.004626412700624662,True,0.002
TR00135,W006,44.0,19.716947050365107,3.4,3960.0,0.0030105587205600717,True,0.002
TR00136,W006,44.0,19.716947050365107,3.4,4140.0,0.0030105587205600717,True,0.002
TR00137,W006,44.0,19.716947050365107,3.4,4320.0,0.0030105587205600717,True,0.002
TR00138,W007,56.0,15.773837887340884,2.5,360.0,0.0,False,0.002
TR00139,W007,56.0,15.773837887340884,2.5,540.0,5.807189322302388,True,0.002
TR00140,W007,56.0,15.773837887340884,2.5,720.0,14.875324478875683,True,0.002
TR00141,W007,56.0,15.773837887340884,2.5,900.0,7.972499671848907,True,0.002
TR00142,W007,56.0,15.773837887340884,2.5,1080.0,2.8045344304313757,True,0.002
TR00143,W007,56.0,15.773837887340884,2.5,1260.0,0.9205090294154972,True,0.002
TR00144,W007,56.0,15.773837887340884,2.5,1440.0,0.2552297579685633,True,0.002
TR00145,W007,56.0,15.773837887340884,2.5,1620.0,0.06289274656516966,True,0.002
TR00146,W007,56.0,15.773837887340884,2.5,1800.0,0.015666807499008888,True,0.002
TR00147,W007,56.0,15.773837887340884,2.5,1980.0,0.00185668274293508,False,0.002
TR00148,W007,56.0,15.773837887340884,2.5,2160.0,0.00032960657829386156,False,0.002
TR00149,W007,56.0,15.773837887340884,2.5,2340.0,0.0010861918551615596,False,0.002
TR00150,W007,56.0,15.773837887340884,2.5,2520.0,0.0007072751039777396,False,0.002
TR00151,W007,56.0,15.773837887340884,2.5,2700.0,0.0,False,0.002
TR00152,W007,56.0,15.773837887340884,2.5,2880.0,0.0,False,0.002
TR00153,W007,56.0,15.773837887340884,2.5,3060.0,0.0,False,0.002
TR00154,W007,56.0,15.773837887340884,2.5,3240.0,0.0011532401892737215,False,0.002
TR00155,W007,56.0,15.773837887340884,2.5,3420.0,0.0010865694400827683,False,0.002
TR00156,W007,56.0,15.773837887340884,2.5,3600.0,0.0,False,0.002
TR00157,W007,56.0,15.773837887340884,2.5,3780.0,0.0,False,0.002
TR00158,W007,56.0,15.773837887340884,2.5,3960.0,0.0,False,0.002
TR00159,W007,56.0,15.773837887340884,2.5,4140.0,0.0,False,0.002
TR00160,W007,56.0,15.773837887340884,2.5,4320.0,0.0005214905213614468,False,0.002
TR00161,W008,56.0,17.580515395745017,2.5,360.0,0.0,False,0.002
TR00162,W008,56.0,17.580515395745017,2.5,540.0,4.814053231201766,True,0.002
TR00163,W008,56.0,17.580515395745017,2.5,720.0,16.128401809852317,True,0.002
TR00164,W008,56.0,17.580515395745017,2.5,900.0,8.663688108178654,True,0.002
TR00165,W008,56.0,17.580515395745017,2.5,1080.0,2.994526754710899,True,0.002
TR00166,W008,56.0,17.580515395745017,2.5,1260.0,1.1850494057614813,True,0.002
TR00167,W008,56.0,17.580515395745017,2.5,1440.0,0.3014208703168384,True,0.002
TR00168,W008,56.0,17.580515395745017,2.5,1620.0,0.06659617488930306,True,0.002
TR00169,W008,56.0,17.580515395745017,2.5,1800.0,0.012972909826713348,True,0.002
TR00170,W008,56.0,17.580515395745017,2.5,1980.0,0.003786312115569337,True,0.002
TR00171,W008,56.0,17.580515395745017,2.5,2160.0,0.00043169680762445393,False,0.002
TR00172,W008,56.0,17.580515395745017,2.5,2340.0,0.0012909238820260718,False,0.002
TR00173,W008,56.0,17.580515395745017,2.5,2520.0,0.0013077925232851313,False,0.002
TR00174,W008,56.0,17.580515395745017,2.5,2700.0,0.001686944085166531,False,0.002
TR00175,W008,56.0,17.580515395745017,2.5,2880.0,0.0010842988526005154,False,0.002
TR00176,W008,56.0,17.580515395745017,2.5,3060.0,0.0,False,0.002
TR00177,W008,56.0,17.580515395745017,2.5,3240.0,0.0,False,0.002
TR00178,W008,56.0,17.580515395745017,2.5,3420.0,0.0,False,0.002
TR00179,W008,56.0,17.580515395745017,2.5,3600.0,0.0,False,0.002
TR00180,W008,56.0,17.580515395745017,2.5,3780.0,0.0013477739871571408,False,0.002
TR00181,W008,56.0,17.580515395745017,2.5,3960.0,0.0,False,0.002
TR00182,W008,56.0,17.580515395745017,2.5,4140.0,0.001058925708128084,False,0.002
TR00183,W008,56.0,17.580515395745017,2.5,4320.0,0.0006993229691114708,False,0.002
TR00184,W009,56.0,19.721306925226244,3.4,360.0,0.0001397138657867455,False,0.002
TR00185,W009,56.0,19.721306925226244,3.4,540.0,4.018453024938551,True,0.002
TR00186,W009,56.0,19.721306925226244,3.4,720.0,11.416770962070965,True,0.002
TR00187,W009,56.0,19.721306925226244,3.4,900.0,8.020216270402265,True,0.002
TR00188,W009,56.0,19.721306925226244,3.4,1080.0,3.139517784132764,True,0.002
TR00189,W009,56.0,19.721306925226244,3.4,1260.0,0.8735206077084617,True,0.002
TR00190,W009,56.0,19.721306925226244,3.4,1440.0,0.24276097869049712,True,0.002
TR00191,W009,56.0,19.721306925226244,3.4,1620.0,0.07240819769458547,True,0.002
TR00192,W009,56.0,19.721306925226244,3.4,1800.0,0.01712459281390607,True,0.002
TR00193,W009,56.0,19.721306925226244,3.4,1980.0,0.004210401466285299,True,0.002
TR00194,W009,56.0,19.721306925226244,3.4,2160.0,0.0011329244749485757,False,0.002
TR00195,W009,56.0,19.721306925226244,3.4,2340.0,0.0016382368724105925,False,0.002
TR00196,W009,56.0,19.721306925226244,3.4,2520.0,0.0,False,0.002
TR00197,W009,56.0,19.721306925226244,3.4,2700.0,0.0,False,0.002
TR00198,W009,56.0,19.721306925226244,3.4,2880.0,0.0009088567143056061,False,0.002
TR00199,W009,56.0,19.721306925226244,3.4,3060.0,0.0,False,0.002
TR00200,W009,56.0,19.721306925226244,3.4,3240.0,0.0006372724403160584,False,0.002
TR00201,W009,56.0,19.721306925226244,3.4,3420.0,0.0034715508731758336,True,0.002
TR00202,W009,56.0,19.721306925226244,3.4,3600.0,0.0,False,0.002
TR00203,W009,56.0,19.721306925226244,3.4,3780.0,0.001744124351216732,False,0.002
TR00204,W009,56.0,19.721306925226244,3.4,3960.0,0.0,False,0.002
TR00205,W009,56.0,19.721306925226244,3.4,4140.0,0.0,False,0.002
TR00206,W009,56.0,19.721306925226244,3.4,4320.0,0.0007645516688771419,False,0.002
TR00207,W010,70.0,15.763731978770124,3.4,360.0,0.0002233628567234862,False,0.002
TR00208,W010,70.0,15.763731978770124,3.4,540.0,0.26196661639397784,True,0.002
TR00209,W010,70.0,15.763731978770124,3.4,720.0,7.98986904560895,True,0.002
TR00210,W010,70.0,15.763731978770124,3.4,900.0,14.113640703789756,True,0.002
TR00211,W010,70.0,15.763731978770124,3.4,1080.0,9.953639240047115,True,0.002
TR00212,W010,70.0,15.763731978770124,3.4,1260.0,4.372064966673513,True,0.002
TR00213,W010,70.0,15.763731978770124,3.4,1440.0,1.4298187254193815,True,0.002
TR00214,W010,70.0,15.763731978770124,3.4,1620.0,0.5032420943237418,True,0.002
TR00215,W010,70.0,15.763731978770124,3.4,1800.0,0.1018165164583855,True,0.002
TR00216,W010,70.0,15.763731978770124,3.4,1980.0,0.030353391691839073,True,0.002
TR00217,W010,70.0,15.763731978770124,3.4,2160.0,0.009996291005152522,True,0.002
TR00218,W010,70.0,15.763731978770124,3.4,2340.0,0.0018751688048357688,False,0.002
TR00219,W010,70.0,15.763731978770124,3.4,2520.0,0.0,False,0.002
TR00220,W010,70.0,15.763731978770124,3.4,2700.0,0.0,False,0.002
TR00221,W010,70.0,15.763731978770124,3.4,2880.0,0.00129239580012152,False,0.002
TR00222,W010,70.0,15.763731978770124,3.4,3060.0,0.0016581909923998432,False,0.002
TR00223,W010,70.0,15.763731978770124,3.4,3240.0,0.0,False,0.002
TR00224,W010,70.0,15.763731978770124,3.4,3420.0,0.0,False,0.002
TR00225,W010,70.0,15.763731978770124,3.4,3600.0,0.0,False,0.002
TR00226,W010,70.0,15.763731978770124,3.4,3780.0,-0.034578673588721694,False,0.002
TR00227,W010,70.0,15.763731978770124,3.4,3960.0,0.0,False,0.002
TR00228,W010,70.0,15.763731978770124,3.4,4140.0,0.0,False,0.002
TR00229,W010,70.0,15.763731978770124,3.4,4320.0,0.00131051387074191,False,0.002
TR00230,W011,70.0,17.401644570819574,2.5,360.0,0.0005454428537117116,False,0.002
TR00231,W011,70.0,17.401644570819574,2.5,540.0,0.3208065490613891,True,0.002
TR00232,W011,70.0,17.401644570819574,2.5,720.0,9.402861189356349,True,0.002
TR00233,W011,70.0,17.401644570819574,2.5,900.0,13.770129187667399,True,0.002
TR00234,W011,70.0,17.401644570819574,2.5,1080.0,8.589299810787079,True,0.002
TR00235,W011,70.0,17.401644570819574,2.5,1260.0,5.687139329613309,True,0.002
TR00236,W011,70.0,17.401644570819574,2.5,1440.0,1.3183870293824704,True,0.002
TR00237,W011,70.0,17.401644570819574,2.5,1620.0,0.5095411347211525,True,0.002
TR00238,W011,70.0,17.401644570819574,2.5,1800.0,0.10761692630740621,True,0.002
TR00239,W011,70.0,17.401644570819574,2.5,1980.0,0.028660947327787158,True,0.002
TR00240,W011,70.0,17.401644570819574,2.5,2160.0,0.00541400114877081,True,0.002
TR00241,W011,70.0,17.401644570819574,2.5,2340.0,0.003290326185790034,True,0.002
TR00242,W011,70.0,17.401644570819574,2.5,2520.0,0.0,False,0.002
TR00243,W011,70.0,17.401644570819574,2.5,2700.0,0.0,False,0.002
TR00244,W011,70.0,17.401644570819574,2.5,2880.0,0.0019011835697053997,False,0.002
TR00245,W011,70.0,17.401644570819574,2.5,3060.0,0.0036954222814982824,True,0.002
TR00246,W011,70.0,17.401644570819574,2.5,3240.0,0.0011300342389803798,False,0.002
TR00247,W011,70.0,17.401644570819574,2.5,3420.0,9.656185720603281e-05,False,0.002
TR00248,W011,70.0,17.401644570819574,2.5,3600.0,0.0,False,0.002
TR00249,W011,70.0,17.401644570819574,2.5,3780.0,0.0007125664712110466,False,0.002
TR00250,W011,70.0,17.401644570819574,2.5,3960.0,0.0,False,0.002
TR00251,W011,70.0,17.401644570819574,2.5,4140.0,0.0014688420561441533,False,0.002
TR00252,W011,70.0,17.401644570819574,2.5,4320.0,0.0,False,0.002
TR00253,W012,70.0,19.674961282306803,1.6,360.0,0.0,False,0.002
TR00254,W012,70.0,19.674961282306803,1.6,540.0,0.18392691797604035,True,0.002
TR00255,W012,70.0,19.674961282306803,1.6,720.0,5.6267891258304905,True,0.002
TR00256,W012,70.0,19.674961282306803,1.6,900.0,11.660337115066778,True,0.002
TR00257,W012,70.0,19.674961282306803,1.6,1080.0,7.875742829917476,True,0.002
TR00258,W012,70.0,19.674961282306803,1.6,1260.0,4.166416832735741,True,0.002
TR00259,W012,70.0,19.674961282306803,1.6,1440.0,1.2590514143831943,True,0.002
TR00260,W012,70.0,19.674961282306803,1.6,1620.0,0.40218152622926623,True,0.002
TR00261,W012,70.0,19.674961282306803,1.6,1800.0,0.12167758741284457,True,0.002
TR00262,W012,70.0,19.674961282306803,1.6,1980.0,0.025605253226681078,True,0.002
TR00263,W012,70.0,19.674961282306803,1.6,2160.0,0.004170646376245198,True,0.002
TR00264,W012,70.0,19.674961282306803,1.6,2340.0,0.0029443126516990265,True,0.002
TR00265,W012,70.0,19.674961282306803,1.6,2520.0,0.0,False,0.002
TR00266,W012,70.0,19.674961282306803,1.6,2700.0,0.0018438489309428785,False,0.002
TR00267,W012,70.0,19.674961282306803,1.6,2880.0,0.0,False,0.002
TR00268,W012,70.0,19.674961282306803,1.6,3060.0,0.0,False,0.002
TR00269,W012,70.0,19.674961282306803,1.6,3240.0,0.0,False,0.002
TR00270,W012,70.0,19.674961282306803,1.6,3420.0,0.0,False,0.002
TR00271,W012,70.0,19.674961282306803,1.6,3600.0,0.0,False,0.002
TR00272,W012,70.0,19.674961282306803,1.6,3780.0,0.0024102944727080757,True,0.002
TR00273,W012,70.0,19.674961282306803,1.6,3960.0,0.0,False,0.002
TR00274,W012,70.0,19.674961282306803,1.6,4140.0,0.0,False,0.002
TR00275,W012,70.0,19.674961282306803,1.6,4320.0,0.0,False,0.002
TR00276,W013,86.0,15.907098293473258,2.5,360.0,0.0,False,0.002
TR00277,W013,86.0,15.907098293473258,2.5,540.0,0.0,False,0.002
TR00278,W013,86.0,15.907098293473258,2.5,720.0,1.0160701928665,True,0.002
TR00279,W013,86.0,15.907098293473258,2.5,900.0,7.826455969336614,True,0.002
TR00280,W013,86.0,15.907098293473258,2.5,1080.0,12.39812906582609,True,0.002
TR00281,W013,86.0,15.907098293473258,2.5,1260.0,11.821082071223026,True,0.002
TR00282,W013,86.0,15.907098293473258,2.5,1440.0,5.6566015478009,True,0.002
TR00283,W013,86.0,15.907098293473258,2.5,1620.0,2.4825388966540314,True,0.002
TR00284,W013,86.0,15.907098293473258,2.5,1800.0,1.0838272382064793,True,0.002
TR00285,W013,86.0,15.907098293473258,2.5,1980.0,0.2418744269387191,True,0.002
TR00286,W013,86.0,15.907098293473258,2.5,2160.0,0.055170018687791346,True,0.002
TR00287,W013,86.0,15.907098293473258,2.5,2340.0,0.017983920604181462,True,0.002
TR00288,W013,86.0,15.907098293473258,2.5,2520.0,0.0040181496757273946,True,0.002
TR00289,W013,86.0,15.907098293473258,2.5,2700.0,0.0,False,0.002
TR00290,W013,86.0,15.907098293473258,2.5,2880.0,0.0,False,0.002
TR00291,W013,86.0,15.907098293473258,2.5,3060.0,0.0012441448890959611,False,0.002
TR00292,W013,86.0,15.907098293473258,2.5,3240.0,0.00021651476251038972,False,0.002
TR00293,W013,86.0,15.907098293473258,2.5,3420.0,0.0,False,0.002
TR00294,W013,86.0,15.907098293473258,2.5,3600.0,0.0033273292144230414,True,0.002
TR00295,W013,86.0,15.907098293473258,2.5,3780.0,0.0007554225988448874,False,0.002
TR00296,W013,86.0,15.907098293473258,2.5,3960.0,0.0,False,0.002
TR00297,W013,86.0,15.907098293473258,2.5,4140.0,0.0,False,0.002
TR00298,W013,86.0,15.907098293473258,2.5,4320.0,0.0,False,0.002
TR00299,W014,86.0,17.396113735643453,1.6,360.0,0.0001354108135080929,False,0.002
TR00300,W014,86.0,17.396113735643453,1.6,540.0,4.440935548373252,True,0.002
TR00301,W014,86.0,17.396113735643453,1.6,720.0,12.564100401019433,True,0.002
TR00302,W014,86.0,17.396113735643453,1.6,900.0,7.494757620417501,True,0.002
TR00303,W014,86.0,17.396113735643453,1.6,1080.0,2.9736713907614734,True,0.002
TR00304,W014,86.0,17.396113735643453,1.6,1260.0,0.9106442350414731,True,0.002
TR00305,W014,86.0,17.396113735643453,1.6,1440.0,0.2705533665404153,True,0.002
TR00306,W014,86.0,17.396113735643453,1.6,1620.0,0.061920092806467694,True,0.002
TR00307,W014,86.0,17.396113735643453,1.6,1800.0,0.016572810930013452,True,0.002
TR00308,W014,86.0,17.396113735643453,1.6,1980.0,0.00306801213245096,True,0.002
TR00309,W014,86.0,17.396113735643453,1.6,2160.0,0.0006111154071200025,False,0.002
TR00310,W014,86.0,17.396113735643453,1.6,2340.0,0.00013538443074626098,False,0.002
TR00311,W014,86.0,17.396113735643453,1.6,2520.0,2.6590479814426842e-05,False,0.002
TR00312,W014,86.0,17.396113735643453,1.6,2700.0,5.510385754270125e-06,False,0.002
TR00313,W014,86.0,17.396113735643453,1.6,2880.0,1.1744667168995372e-06,False,0.002
TR00314,W014,86.0,17.396113735643453,1.6,3060.0,2.3170054331348295e-07,False,0.002
TR00315,W014,86.0,17.396113735643453,1.6,3240.0,4.83744944190054e-08,False,0.002
TR00316,W014,86.0,17.396113735643453,1.6,3420.0,9.78130354570876e-09,False,0.002
TR00317,W014,86.0,17.396113735643453,1.6,3600.0,2.1358645848181615e-09,False,0.002
TR00318,W014,86.0,17.396113735643453,1.6,3780.0,4.1685357970959316e-10,False,0.002
TR00319,W014,86.0,17.396113735643453,1.6,3960.0,8.509805043079093e-11,False,0.002
TR00320,W014,86.0,17.396113735643453,1.6,4140.0,1.578672226239754e-11,False,0.002
TR00321,W014,86.0,17.396113735643453,1.6,4320.0,3.2049337285735785e-12,False,0.002
TR00322,W015,86.0,19.633309822958832,2.5,360.0,0.0,False,0.002
TR00323,W015,86.0,19.633309822958832,2.5,540.0,0.0,False,0.002
TR00324,W015,86.0,19.633309822958832,2.5,720.0,0.653291994857743,True,0.002
TR00325,W015,86.0,19.633309822958832,2.5,900.0,-0.020176303631076316,False,0.002
TR00326,W015,86.0,19.633309822958832,2.5,1080.0,14.71746817135196,True,0.002
TR00327,W015,86.0,19.633309822958832,2.5,1260.0,10.188564959411323,True,0.002
TR00328,W015,86.0,19.633309822958832,2.5,1440.0,5.582803997849935,True,0.002
TR00329,W015,86.0,19.633309822958832,2.5,1620.0,2.242398940735784,True,0.002
TR00330,W015,86.0,19.633309822958832,2.5,1800.0,0.9898933329902062,True,0.002
TR00331,W015,86.0,19.633309822958832,2.5,1980.0,0.25987917881413913,True,0.002
TR00332,W015,86.0,19.633309822958832,2.5,2160.0,0.06474439226071804,True,0.002
TR00333,W015,86.0,19.633309822958832,2.5,2340.0,0.013075221167693041,True,0.002
TR00334,W015,86.0,19.633309822958832,2.5,2520.0,0.163214038545429,True,0.002
TR00335,W015,86.0,19.633309822958832,2.5,2700.0,0.0,False,0.002
TR00336,W015,86.0,19.633309822958832,2.5,2880.0,0.0015234102252348694,False,0.002
TR00337,W015,86.0,19.633309822958832,2.5,3060.0,0.0016771906701230296,False,0.002
TR00338,W015,86.0,19.633309822958832,2.5,3240.0,0.0,False,0.002
TR00339,W015,86.0,19.633309822958832,2.5,3420.0,0.0025740762898462818,True,0.002
TR00340,W015,86.0,19.633309822958832,2.5,3600.0,0.000697226917917608,False,0.002
TR00341,W015,86.0,19.633309822958832,2.5,3780.0,0.0,False,0.002
TR00342,W015,86.0,19.633309822958832,2.5,3960.0,0.0022183368830303897,True,0.002
TR00343,W015,86.0,19.633309822958832,2.5,4140.0,0.0,False,0.002
TR00344,W015,86.0,19.633309822958832,2.5,4320.0,0.0,False,0.002
TR00345,W016,104.0,15.56279954112207,2.5,360.0,0.0020279924125539317,True,0.002
TR00346,W016,104.0,15.56279954112207,2.5,540.0,0.0,False,0.002
TR00347,W016,104.0,15.56279954112207,2.5,720.0,0.010009957485249821,True,0.002
TR00348,W016,104.0,15.56279954112207,2.5,900.0,1.0372727581856587,True,0.002
TR00349,W016,104.0,15.56279954112207,2.5,1080.0,12.642444951236882,True,0.002
TR00350,W016,104.0,15.56279954112207,2.5,1260.0,7.583823476645905,True,0.002
TR00351,W016,104.0,15.56279954112207,2.5,1440.0,4.415659399796166,True,0.002
TR00352,W016,104.0,15.56279954112207,2.5,1620.0,1.537723107776358,True,0.002
TR00353,W016,104.0,15.56279954112207,2.5,1800.0,0.48230724713984463,True,0.002
TR00354,W016,104.0,15.56279954112207,2.5,1980.0,0.14722835197378698,True,0.002
TR00355,W016,104.0,15.56279954112207,2.5,2160.0,0.05064641266375482,True,0.002
TR00356,W016,104.0,15.56279954112207,2.5,2340.0,0.012818965449759525,True,0.002
TR00357,W016,104.0,15.56279954112207,2.5,2520.0,0.0032239582012021646,True,0.002
TR00358,W016,104.0,15.56279954112207,2.5,2700.0,0.0031156039924149876,True,0.002
TR00359,W016,104.0,15.56279954112207,2.5,2880.0,0.002013487246650689,True,0.002
TR00360,W016,104.0,15.56279954112207,2.5,3060.0,-0.033055980879792085,False,0.002
TR00361,W016,104.0,15.56279954112207,2.5,3240.0,0.0006236480765032224,False,0.002
TR00362,W016,104.0,15.56279954112207,2.5,3420.0,0.0,False,0.002
TR00363,W016,104.0,15.56279954112207,2.5,3600.0,0.0,False,0.002
TR00364,W016,104.0,15.56279954112207,2.5,3780.0,0.0,False,0.002
TR00365,W016,104.0,15.56279954112207,2.5,3960.0,0.0,False,0.002
TR00366,W016,104.0,15.56279954112207,2.5,4140.0,0.0007083386802319716,False,0.002
TR00367,W016,104.0,15.56279954112207,2.5,4320.0,0.0,False,0.002
TR00368,W017,104.0,17.486201446141504,3.4,360.0,0.001105540399464492,False,0.002
TR00369,W017,104.0,17.486201446141504,3.4,540.0,0.0,False,0.002
TR00370,W017,104.0,17.486201446141504,3.4,720.0,0.011798302541045736,True,0.002
TR00371,W017,104.0,17.486201446141504,3.4,900.0,1.0491802154148095,True,0.002
TR00372,W017,104.0,17.486201446141504,3.4,1080.0,7.127557278524223,True,0.002
TR00373,W017,104.0,17.486201446141504,3.4,1260.0,15.026898345345234,True,0.002
TR00374,W017,104.0,17.486201446141504,3.4,1440.0,0.13114080261461858,True,0.002
TR00375,W017,104.0,17.486201446141504,3.4,1620.0,0.08094320215409535,True,0.002
TR00376,W017,104.0,17.486201446141504,3.4,1800.0,4.083430744084906,True,0.002
TR00377,W017,104.0,17.486201446141504,3.4,1980.0,1.4295470872661882,True,0.002
TR00378,W017,104.0,17.486201446141504,3.4,2160.0,0.4155243101457624,True,0.002
TR00379,W017,104.0,17.486201446141504,3.4,2340.0,0.12676735382589627,True,0.002
TR00380,W017,104.0,17.486201446141504,3.4,2520.0,0.04208769053471411,True,0.002
TR00381,W017,104.0,17.486201446141504,3.4,2700.0,0.01052388870108352,True,0.002
TR00382,W017,104.0,17.486201446141504,3.4,2880.0,0.0,False,0.002
TR00383,W017,104.0,17.486201446141504,3.4,3060.0,0.004201966122262031,True,0.002
TR00384,W017,104.0,17.486201446141504,3.4,3240.0,0.0,False,0.002
TR00385,W017,104.0,17.486201446141504,3.4,3420.0,0.002153023139271409,True,0.002
TR00386,W017,104.0,17.486201446141504,3.4,3600.0,0.0038235620225525128,True,0.002
TR00387,W017,104.0,17.486201446141504,3.4,3780.0,0.0013563942946752164,False,0.002
TR00388,W017,104.0,17.486201446141504,3.4,3960.0,0.0,False,0.002
TR00389,W017,104.0,17.486201446141504,3.4,4140.0,0.0006856400566201338,False,0.002
TR00390,W017,104.0,17.486201446141504,3.4,4320.0,0.0,False,0.002
TR00391,W018,104.0,19.538961678532242,1.6,360.0,0.0,False,0.002
TR00392,W018,104.0,19.538961678532242,1.6,540.0,0.002882911106849306,True,0.002
TR00393,W018,104.0,19.538961678532242,1.6,720.0,0.006844581689857993,True,0.002
TR00394,W018,104.0,19.538961678532242,1.6,900.0,0.7546131991921174,True,0.002
TR00395,W018,104.0,19.538961678532242,1.6,1080.0,5.8429128478198775,True,0.002
TR00396,W018,104.0,19.538961678532242,1.6,1260.0,11.68891777569953,True,0.002
TR00397,W018,104.0,19.538961678532242,1.6,1440.0,11.817750103799385,True,0.002
TR00398,W018,104.0,19.538961678532242,1.6,1620.0,7.18814280944599,True,0.002
TR00399,W018,104.0,19.538961678532242,1.6,1800.0,3.177112269674072,True,0.002
TR00400,W018,104.0,19.538961678532242,1.6,1980.0,1.716453825147731,True,0.002
TR00401,W018,104.0,19.538961678532242,1.6,2160.0,0.4402861580858034,True,0.002
TR00402,W018,104.0,19.538961678532242,1.6,2340.0,0.12332772321715918,True,0.002
TR00403,W018,104.0,19.538961678532242,1.6,2520.0,0.3381200514983626,True,0.002
TR00404,W018,104.0,19.538961678532242,1.6,2700.0,0.011549850715019272,True,0.002
TR00405,W018,104.0,19.538961678532242,1.6,2880.0,0.004467237096526217,True,0.002
TR00406,W018,104.0,19.538961678532242,1.6,3060.0,0.00027555141853281406,False,0.002
TR00407,W018,104.0,19.538961678532242,1.6,3240.0,0.0,False,0.002
TR00408,W018,104.0,19.538961678532242,1.6,3420.0,0.0003664426705878677,False,0.002
TR00409,W018,104.0,19.538961678532242,1.6,3600.0,0.0,False,0.002
TR00410,W018,104.0,19.538961678532242,1.6,3780.0,0.0024408962933619117,True,0.002
TR00411,W018,104.0,19.538961678532242,1.6,3960.0,0.18415674537722812,True,0.002
TR00412,W018,104.0,19.538961678532242,1.6,4140.0,0.0,False,0.002
TR00413,W018,104.0,19.538961678532242,1.6,4320.0,0.0,False,0.002
TR00414,W019,124.0,15.4652411538939,1.6,360.0,0.0,False,0.002
TR00415,W019,124.0,15.4652411538939,1.6,540.0,0.08305767993851591,True,0.002
TR00416,W019,124.0,15.4652411538939,1.6,720.0,0.0,False,0.002
TR00417,W019,124.0,15.4652411538939,1.6,900.0,0.016611288904258406,True,0.002
TR00418,W019,124.0,15.4652411538939,1.6,1080.0,3.973189814599115,True,0.002
TR00419,W019,124.0,15.4652411538939,1.6,1260.0,10.78182679415036,True,0.002
TR00420,W019,124.0,15.4652411538939,1.6,1440.0,10.732415122635674,True,0.002
TR00421,W019,124.0,15.4652411538939,1.6,1620.0,9.583160918241788,True,0.002
TR00422,W019,124.0,15.4652411538939,1.6,1800.0,4.421185872148488,True,0.002
TR00423,W019,124.0,15.4652411538939,1.6,1980.0,2.29549880740235,True,0.002
TR00424,W019,124.0,15.4652411538939,1.6,2160.0,0.8773543636410741,True,0.002
TR00425,W019,124.0,15.4652411538939,1.6,2340.0,0.27181080670533825,True,0.002
TR00426,W019,124.0,15.4652411538939,1.6,2520.0,0.09476073579775915,True,0.002
TR00427,W019,124.0,15.4652411538939,1.6,2700.0,0.0302956464304843,True,0.002
TR00428,W019,124.0,15.4652411538939,1.6,2880.0,0.007446804941193265,True,0.002
TR00429,W019,124.0,15.4652411538939,1.6,3060.0,0.002506877924945294,True,0.002
TR00430,W019,124.0,15.4652411538939,1.6,3240.0,0.001072518530453116,False,0.002
TR00431,W019,124.0,15.4652411538939,1.6,3420.0,0.00038806151984042226,False,0.002
TR00432,W019,124.0,15.4652411538939,1.6,3600.0,0.0,False,0.002
TR00433,W019,124.0,15.4652411538939,1.6,3780.0,0.0,False,0.002
TR00434,W019,124.0,15.4652411538939,1.6,3960.0,0.00010481642705138444,False,0.002
TR00435,W019,124.0,15.4652411538939,1.6,4140.0,0.0,False,0.002
TR00436,W019,124.0,15.4652411538939,1.6,4320.0,0.0,False,0.002
TR00437,W020,124.0,17.586135873250615,1.6,360.0,0.0022325736595550636,True,0.002
TR00438,W020,124.0,17.586135873250615,1.6,540.0,0.0,False,0.002
TR00439,W020,124.0,17.586135873250615,1.6,720.0,0.0007358744865264622,False,0.002
TR00440,W020,124.0,17.586135873250615,1.6,900.0,0.014472573789249444,True,0.002
TR00441,W020,124.0,17.586135873250615,1.6,1080.0,0.8193888319145453,True,0.002
TR00442,W020,124.0,17.586135873250615,1.6,1260.0,5.160122682950397,True,0.002
TR00443,W020,124.0,17.586135873250615,1.6,1440.0,9.698348043435889,True,0.002
TR00444,W020,124.0,17.586135873250615,1.6,1620.0,13.88556347799142,True,0.002
TR00445,W020,124.0,17.586135873250615,1.6,1800.0,9.185840444819997,True,0.002
TR00446,W020,124.0,17.586135873250615,1.6,1980.0,5.474724070915468,True,0.002
TR00447,W020,124.0,17.586135873250615,1.6,2160.0,2.7623759810862225,True,0.002
TR00448,W020,124.0,17.586135873250615,1.6,2340.0,1.1120160595893556,True,0.002
TR00449,W020,124.0,17.586135873250615,1.6,2520.0,0.47152671704533916,True,0.002
TR00450,W020,124.0,17.586135873250615,1.6,2700.0,0.1307436241572965,True,0.002
TR00451,W020,124.0,17.586135873250615,1.6,2880.0,0.055302167204017386,True,0.002
TR00452,W020,124.0,17.586135873250615,1.6,3060.0,0.014675314500411506,True,0.002
TR00453,W020,124.0,17.586135873250615,1.6,3240.0,0.33653664615508516,True,0.002
TR00454,W020,124.0,17.586135873250615,1.6,3420.0,0.007415047147173902,True,0.002
TR00455,W020,124.0,17.586135873250615,1.6,3600.0,0.007415047147173902,True,0.002
TR00456,W020,124.0,17.586135873250615,1.6,3780.0,0.007415047147173902,True,0.002
TR00457,W020,124.0,17.586135873250615,1.6,3960.0,0.007415047147173902,True,0.002
TR00458,W020,124.0,17.586135873250615,1.6,4140.0,0.012038850084561528,True,0.002
TR00459,W020,124.0,17.586135873250615,1.6,4320.0,0.007415047147173902,True,0.002
TR00460,W021,124.0,19.59795026996045,3.4,360.0,0.0,False,0.002
TR00461,W021,124.0,19.59795026996045,3.4,540.0,0.000329167531602246,False,0.002
TR00462,W021,124.0,19.59795026996045,3.4,720.0,0.0012655331867671906,False,0.002
TR00463,W021,124.0,19.59795026996045,3.4,900.0,0.019304975213027053,True,0.002
TR00464,W021,124.0,19.59795026996045,3.4,1080.0,0.6439953466965004,True,0.002
TR00465,W021,124.0,19.59795026996045,3.4,1260.0,4.52682745344488,True,0.002
TR00466,W021,124.0,19.59795026996045,3.4,1440.0,9.870118158753957,True,0.002
TR00467,W021,124.0,19.59795026996045,3.4,1620.0,9.27527359484362,True,0.002
TR00468,W021,124.0,19.59795026996045,3.4,1800.0,9.844975044480254,True,0.002
TR00469,W021,124.0,19.59795026996045,3.4,1980.0,4.7344777198139445,True,0.002
TR00470,W021,124.0,19.59795026996045,3.4,2160.0,2.409910785826649,True,0.002
TR00471,W021,124.0,19.59795026996045,3.4,2340.0,0.8957435271041774,True,0.002
TR00472,W021,124.0,19.59795026996045,3.4,2520.0,0.2991880445958544,True,0.002
TR00473,W021,124.0,19.59795026996045,3.4,2700.0,0.10139239680923588,True,0.002
TR00474,W021,124.0,19.59795026996045,3.4,2880.0,0.030976474721226843,True,0.002
TR00475,W021,124.0,19.59795026996045,3.4,3060.0,0.009385830573758896,True,0.002
TR00476,W021,124.0,19.59795026996045,3.4,3240.0,0.003058156222628324,True,0.002
TR00477,W021,124.0,19.59795026996045,3.4,3420.0,0.0003363323709758124,False,0.002
TR00478,W021,124.0,19.59795026996045,3.4,3600.0,0.0003816421138853913,False,0.002
TR00479,W021,124.0,19.59795026996045,3.4,3780.0,0.0,False,0.002
TR00480,W021,124.0,19.59795026996045,3.4,3960.0,0.0022077400754184446,True,0.002
TR00481,W021,124.0,19.59795026996045,3.4,4140.0,0.00017932235388252825,False,0.002
TR00482,W021,124.0,19.59795026996045,3.4,4320.0,0.0,False,0.002
TR00483,W022,146.0,15.622324695488327,3.4,360.0,0.0017431831553419794,False,0.002
TR00484,W022,146.0,15.622324695488327,3.4,540.0,0.001573520771475775,False,0.002
TR00485,W022,146.0,15.622324695488327,3.4,720.0,0.0,False,0.002
TR00486,W022,146.0,15.622324695488327,3.4,900.0,0.0,False,0.002
TR00487,W022,146.0,15.622324695488327,3.4,1080.0,0.01194161986644579,True,0.002
TR00488,W022,146.0,15.622324695488327,3.4,1260.0,0.0,False,0.002
TR00489,W022,146.0,15.622324695488327,3.4,1440.0,0.0,False,0.002
TR00490,W022,146.0,15.622324695488327,3.4,1620.0,0.0,False,0.002
TR00491,W022,146.0,15.622324695488327,3.4,1800.0,10.890184178412715,True,0.002
TR00492,W022,146.0,15.622324695488327,3.4,1980.0,9.367837851627101,True,0.002
TR00493,W022,146.0,15.622324695488327,3.4,2160.0,5.986207898918009,True,0.002
TR00494,W022,146.0,15.622324695488327,3.4,2340.0,4.222570208728049,True,0.002
TR00495,W022,146.0,15.622324695488327,3.4,2520.0,1.8070317383267522,True,0.002
TR00496,W022,146.0,15.622324695488327,3.4,2700.0,0.6335888799207703,True,0.002
TR00497,W022,146.0,15.622324695488327,3.4,2880.0,0.23524226604713044,True,0.002
TR00498,W022,146.0,15.622324695488327,3.4,3060.0,0.0009883265130172885,False,0.002
TR00499,W022,146.0,15.622324695488327,3.4,3240.0,0.0002963681823607806,False,0.002
TR00500,W022,146.0,15.622324695488327,3.4,3420.0,0.006364808459618548,True,0.002
TR00501,W022,146.0,15.622324695488327,3.4,3600.0,0.0041826386140066596,True,0.002
TR00502,W022,146.0,15.622324695488327,3.4,3780.0,0.0,False,0.002
TR00503,W022,146.0,15.622324695488327,3.4,3960.0,0.0006620486581036952,False,0.002
TR00504,W022,146.0,15.622324695488327,3.4,4140.0,0.0,False,0.002
TR00505,W022,146.0,15.622324695488327,3.4,4320.0,0.0036115270896042635,True,0.002
TR00506,W023,146.0,17.418888003617987,1.6,360.0,0.0,False,0.002
TR00507,W023,146.0,17.418888003617987,1.6,540.0,0.0,False,0.002
TR00508,W023,146.0,17.418888003617987,1.6,720.0,0.002155912270940615,True,0.002
TR00509,W023,146.0,17.418888003617987,1.6,900.0,0.0,False,0.002
TR00510,W023,146.0,17.418888003617987,1.6,1080.0,0.013425660774941672,True,0.002
TR00511,W023,146.0,17.418888003617987,1.6,1260.0,0.398430256878865,True,0.002
TR00512,W023,146.0,17.418888003617987,1.6,1440.0,2.6679948317144477,True,0.002
TR00513,W023,146.0,17.418888003617987,1.6,1620.0,7.134700707885555,True,0.002
TR00514,W023,146.0,17.418888003617987,1.6,1800.0,9.657915855280795,True,0.002
TR00515,W023,146.0,17.418888003617987,1.6,1980.0,11.508753809981798,True,0.002
TR00516,W023,146.0,17.418888003617987,1.6,2160.0,6.211709517730453,True,0.002
TR00517,W023,146.0,17.418888003617987,1.6,2340.0,3.999588600907643,True,0.002
TR00518,W023,146.0,17.418888003617987,1.6,2520.0,1.522498900542931,True,0.002
TR00519,W023,146.0,17.418888003617987,1.6,2700.0,0.742634499971301,True,0.002
TR00520,W023,146.0,17.418888003617987,1.6,2880.0,0.28696229572127635,True,0.002
TR00521,W023,146.0,17.418888003617987,1.6,3060.0,0.09385732411250687,True,0.002
TR00522,W023,146.0,17.418888003617987,1.6,3240.0,0.03212033060068211,True,0.002
TR00523,W023,146.0,17.418888003617987,1.6,3420.0,0.00913501156015625,True,0.002
TR00524,W023,146.0,17.418888003617987,1.6,3600.0,0.003100150309840461,True,0.002
TR00525,W023,146.0,17.418888003617987,1.6,3780.0,0.00030037430623299334,False,0.002
TR00526,W023,146.0,17.418888003617987,1.6,3960.0,9.906581708926923e-05,False,0.002
TR00527,W023,146.0,17.418888003617987,1.6,4140.0,0.10414471202502128,True,0.002
TR00528,W023,146.0,17.418888003617987,1.6,4320.0,0.0,False,0.002
TR00529,W024,146.0,19.68038493126017,2.5,360.0,3.2656104831044903,True,0.002
TR00530,W024,146.0,19.68038493126017,2.5,540.0,5.472462189639805,True,0.002
TR00531,W024,146.0,19.68038493126017,2.5,720.0,2.1161905644298944,True,0.002
TR00532,W024,146.0,19.68038493126017,2.5,900.0,0.5440441121555086,True,0.002
TR00533,W024,146.0,19.68038493126017,2.5,1080.0,0.11820957616058682,True,0.002
TR00534,W024,146.0,19.68038493126017,2.5,1260.0,0.027372207778562883,True,0.002
TR00535,W024,146.0,19.68038493126017,2.5,1440.0,0.006637890528598828,True,0.002
TR00536,W024,146.0,19.68038493126017,2.5,1620.0,0.0013418859634979278,False,0.002
TR00537,W024,146.0,19.68038493126017,2.5,1800.0,0.00027624415317349443,False,0.002
TR00538,W024,146.0,19.68038493126017,2.5,1980.0,5.6375771040311684e-05,False,0.002
TR00539,W024,146.0,19.68038493126017,2.5,2160.0,9.801265152704221e-06,False,0.002
TR00540,W024,146.0,19.68038493126017,2.5,2340.0,1.8750341597297138e-06,False,0.002
TR00541,W024,146.0,19.68038493126017,2.5,2520.0,3.9234438825445395e-07,False,0.002
TR00542,W024,146.0,19.68038493126017,2.5,2700.0,6.62550689344137e-08,False,0.002
TR00543,W024,146.0,19.68038493126017,2.5,2880.0,1.4207886454156564e-08,False,0.002
TR00544,W024,146.0,19.68038493126017,2.5,3060.0,2.9645711094539797e-09,False,0.002
TR00545,W024,146.0,19.68038493126017,2.5,3240.0,5.679737981505795e-10,False,0.002
TR00546,W024,146.0,19.68038493126017,2.5,3420.0,1.178871986051e-10,False,0.002
TR00547,W024,146.0,19.68038493126017,2.5,3600.0,2.209486074250259e-11,False,0.002
TR00548,W024,146.0,19.68038493126017,2.5,3780.0,4.191584517322321e-12,False,0.002
TR00549,W024,146.0,19.68038493126017,2.5,3960.0,7.97124776668815e-13,False,0.002
TR00550,W024,146.0,19.68038493126017,2.5,4140.0,1.7897448892355747e-13,False,0.002
TR00551,W024,146.0,19.68038493126017,2.5,4320.0,3.390018884598341e-14,False,0.002
TR00552,W025,170.0,15.760654455011101,1.6,360.0,0.000910911746708114,False,0.002
TR00553,W025,170.0,15.760654455011101,1.6,540.0,0.00158771552030386,False,0.002
TR00554,W025,170.0,15.760654455011101,1.6,720.0,0.0,False,0.002
TR00555,W025,170.0,15.760654455011101,1.6,900.0,0.0009133666190809253,False,0.002
TR00556,W025,170.0,15.760654455011101,1.6,1080.0,0.0,False,0.002
TR00557,W025,170.0,15.760654455011101,1.6,1260.0,0.004787277241189964,True,0.002
TR00558,W025,170.0,15.760654455011101,1.6,1440.0,0.13063641979049903,True,0.002
TR00559,W025,170.0,15.760654455011101,1.6,1620.0,1.3151286857227829,True,0.002
TR00560,W025,170.0,15.760654455011101,1.6,1800.0,4.320625854686969,True,0.002
TR00561,W025,170.0,15.760654455011101,1.6,1980.0,8.106059757320669,True,0.002
TR00562,W025,170.0,15.760654455011101,1.6,2160.0,8.40175057486055,True,0.002
TR00563,W025,170.0,15.760654455011101,1.6,2340.0,6.466709055062958,True,0.002
TR00564,W025,170.0,15.760654455011101,1.6,2520.0,5.235554033613159,True,0.002
TR00565,W025,170.0,15.760654455011101,1.6,2700.0,2.631160754722707,True,0.002
TR00566,W025,170.0,15.760654455011101,1.6,2880.0,1.4321637548323694,True,0.002
TR00567,W025,170.0,15.760654455011101,1.6,3060.0,0.5817950500712782,True,0.002
TR00568,W025,170.0,15.760654455011101,1.6,3240.0,0.21837624387766202,True,0.002
TR00569,W025,170.0,15.760654455011101,1.6,3420.0,0.10521815022859432,True,0.002
TR00570,W025,170.0,15.760654455011101,1.6,3600.0,0.029367491088423084,True,0.002
TR00571,W025,170.0,15.760654455011101,1.6,3780.0,0.010680963667016952,True,0.002
TR00572,W025,170.0,15.760654455011101,1.6,3960.0,0.0004167181763791812,False,0.002
TR00573,W025,170.0,15.760654455011101,1.6,4140.0,0.0017827323844953448,False,0.002
TR00574,W025,170.0,15.760654455011101,1.6,4320.0,0.00036137621067197797,False,0.002
TR00575,W026,170.0,17.379653412045418,1.6,360.0,0.0,False,0.002
TR00576,W026,170.0,17.379653412045418,1.6,540.0,0.0,False,0.002
TR00577,W026,170.0,17.379653412045418,1.6,720.0,0.0,False,0.002
TR00578,W026,170.0,17.379653412045418,1.6,900.0,0.0,False,0.002
TR00579,W026,170.0,17.379653412045418,1.6,1080.0,0.0,False,0.002
TR00580,W026,170.0,17.379653412045418,1.6,1260.0,0.003782568548378115,True,0.002
TR00581,W026,170.0,17.379653412045418,1.6,1440.0,0.1941056086135695,True,0.002
TR00582,W026,170.0,17.379653412045418,1.6,1620.0,1.360232672912341,True,0.002
TR00583,W026,170.0,17.379653412045418,1.6,1800.0,4.161626974255676,True,0.002
TR00584,W026,170.0,17.379653412045418,1.6,1980.0,6.57947359030188,True,0.002
TR00585,W026,170.0,17.379653412045418,1.6,2160.0,8.02737236515496,True,0.002
TR00586,W026,170.0,17.379653412045418,1.6,2340.0,6.061402403918948,True,0.002
TR00587,W026,170.0,17.379653412045418,1.6,2520.0,4.945657294628795,True,0.002
TR00588,W026,170.0,17.379653412045418,1.6,2700.0,,False,0.002
TR00589,W026,170.0,17.379653412045418,1.6,2880.0,,False,0.002
TR00590,W026,170.0,17.379653412045418,1.6,3060.0,,False,0.002
TR00591,W026,170.0,17.379653412045418,1.6,3240.0,0.2550488786979196,True,0.002
TR00592,W026,170.0,17.379653412045418,1.6,3420.0,0.08522426245858979,True,0.002
TR00593,W026,170.0,17.379653412045418,1.6,3600.0,0.02481280534121699,True,0.002
TR00594,W026,170.0,17.379653412045418,1.6,3780.0,0.009157719805222713,True,0.002
TR00595,W026,170.0,17.379653412045418,1.6,3960.0,6.778541060053827e-05,False,0.002
TR00596,W026,170.0,17.379653412045418,1.6,4140.0,0.0,False,0.002
TR00597,W026,170.0,17.379653412045418,1.6,4320.0,0.0,False,0.002
TR00598,W027,170.0,19.63548350759508,1.6,360.0,0.001733281428386401,False,0.002
TR00599,W027,170.0,19.63548350759508,1.6,540.0,0.0,False,0.002
TR00600,W027,170.0,19.63548350759508,1.6,720.0,0.0,False,0.002
TR00601,W027,170.0,19.63548350759508,1.6,900.0,0.0,False,0.002
TR00602,W027,170.0,19.63548350759508,1.6,1080.0,0.0,False,0.002
TR00603,W027,170.0,19.63548350759508,1.6,1260.0,0.004549339461784626,True,0.002
TR00604,W027,170.0,19.63548350759508,1.6,1440.0,0.1245107291887127,True,0.002
TR00605,W027,170.0,19.63548350759508,1.6,1620.0,1.2047442685314285,True,0.002
TR00606,W027,170.0,19.63548350759508,1.6,1800.0,4.452297484182569,True,0.002
TR00607,W027,170.0,19.63548350759508,1.6,1980.0,7.9862744865823085,True,0.002
TR00608,W027,170.0,19.63548350759508,1.6,2160.0,10.665738805126402,True,0.002
TR00609,W027,170.0,19.63548350759508,1.6,2340.0,9.860782803918609,True,0.002
TR00610,W027,170.0,19.63548350759508,1.6,2520.0,6.168925491584554,True,0.002
TR00611,W027,170.0,19.63548350759508,1.6,2700.0,4.155468551676407,True,0.002
TR00612,W027,170.0,19.63548350759508,1.6,2880.0,2.028001800319811,True,0.002
TR00613,W027,170.0,19.63548350759508,1.6,3060.0,0.9600029001664666,True,0.002
TR00614,W027,170.0,19.63548350759508,1.6,3240.0,0.3614605177950944,True,0.002
TR00615,W027,170.0,19.63548350759508,1.6,3420.0,0.13791594321391856,True,0.002
TR00616,W027,170.0,19.63548350759508,1.6,3600.0,0.05061946130679712,True,0.002
TR00617,W027,170.0,19.63548350759508,1.6,3780.0,0.016891876792587204,True,0.002
TR00618,W027,170.0,19.63548350759508,1.6,3960.0,0.00940421243363631,True,0.002
TR00619,W027,170.0,19.63548350759508,1.6,4140.0,0.0027236690460623603,True,0.002
TR00620,W027,170.0,19.63548350759508,1.6,4320.0,0.0027236690460623603,True,0.002
